59KKA2065_1_oblique_02042015_1315 (10)_1.jpg,1
59KKA2065_1_oblique_02042015_1315 (10)_3.jpg,1
59KKA2065_1_oblique_02042015_1315 (11)_1.jpg,1
59KKA2065_1_oblique_02042015_1315 (11)_3.jpg,1
59KKA2065_1_oblique_02042015_1315 (12)_3.jpg,1
59KKA2065_1_oblique_02042015_1315 (13)_3.jpg,1
59KKA2065_1_oblique_02042015_1315 (14)_1.jpg,1
59KKA2065_1_oblique_02042015_1315 (14)_3.jpg,1
59KKA2065_1_oblique_02042015_1315 (15)_1.jpg,1
59KKA2065_1_oblique_02042015_1315 (2)_2.jpg,1
59KKA2065_1_oblique_02042015_1315 (2)_3.jpg,1
59KKA2065_1_oblique_02042015_1315 (3)_2.jpg,1
59KKA2065_1_oblique_02042015_1315 (3)_3.jpg,1
59KKA2065_1_oblique_02042015_1315 (4)_1.jpg,1
59KKA2065_1_oblique_02042015_1315 (4)_3.jpg,1
59KKA2065_1_oblique_02042015_1315 (5)_1.jpg,1
59KKA2065_1_oblique_02042015_1315 (5)_3.jpg,1
59KKA2065_1_oblique_02042015_1315 (6)_1.jpg,1
59KKA2065_1_oblique_02042015_1315 (6)_3.jpg,1
59KKA2065_1_oblique_02042015_1315 (7)_0.jpg,1
59KKA2065_1_oblique_02042015_1315 (7)_1.jpg,1
59KKA2065_1_oblique_02042015_1315 (7)_3.jpg,1
59KKA2065_1_oblique_02042015_1315 (8)_2.jpg,1
59KKA2065_1_oblique_02042015_1315 (8)_3.jpg,1
59KKA2065_1_oblique_02042015_1315 (9)_0.jpg,1
59KKA2065_1_oblique_02042015_1315 (9)_1.jpg,1
59KKA2065_1_oblique_02042015_1315 (9)_2.jpg,1
59KKA2065_1_oblique_02042015_1315 (9)_3.jpg,1
59KKA2065_1_oblique_02042015_1315 (1)_0.jpg,0
59KKA2065_1_oblique_02042015_1315 (1)_1.jpg,0
59KKA2065_1_oblique_02042015_1315 (1)_2.jpg,0
59KKA2065_1_oblique_02042015_1315 (1)_3.jpg,0
59KKA2065_1_oblique_02042015_1315 (10)_0.jpg,0
59KKA2065_1_oblique_02042015_1315 (10)_2.jpg,0
59KKA2065_1_oblique_02042015_1315 (11)_0.jpg,0
59KKA2065_1_oblique_02042015_1315 (11)_2.jpg,0
59KKA2065_1_oblique_02042015_1315 (12)_0.jpg,0
59KKA2065_1_oblique_02042015_1315 (12)_1.jpg,0
59KKA2065_1_oblique_02042015_1315 (12)_2.jpg,0
59KKA2065_1_oblique_02042015_1315 (13)_0.jpg,0
59KKA2065_1_oblique_02042015_1315 (13)_1.jpg,0
59KKA2065_1_oblique_02042015_1315 (13)_2.jpg,0
59KKA2065_1_oblique_02042015_1315 (14)_0.jpg,0
59KKA2065_1_oblique_02042015_1315 (14)_2.jpg,0
59KKA2065_1_oblique_02042015_1315 (15)_0.jpg,0
59KKA2065_1_oblique_02042015_1315 (15)_2.jpg,0
59KKA2065_1_oblique_02042015_1315 (15)_3.jpg,0
59KKA2065_1_oblique_02042015_1315 (2)_0.jpg,0
59KKA2065_1_oblique_02042015_1315 (2)_1.jpg,0
59KKA2065_1_oblique_02042015_1315 (3)_0.jpg,0
59KKA2065_1_oblique_02042015_1315 (3)_1.jpg,0
59KKA2065_1_oblique_02042015_1315 (4)_0.jpg,0
59KKA2065_1_oblique_02042015_1315 (4)_2.jpg,0
59KKA2065_1_oblique_02042015_1315 (5)_0.jpg,0
59KKA2065_1_oblique_02042015_1315 (5)_2.jpg,0
59KKA2065_1_oblique_02042015_1315 (6)_0.jpg,0
59KKA2065_1_oblique_02042015_1315 (6)_2.jpg,0
59KKA2065_1_oblique_02042015_1315 (7)_2.jpg,0
59KKA2065_1_oblique_02042015_1315 (8)_0.jpg,0
59KKA2065_1_oblique_02042015_1315 (8)_1.jpg,0
59KKA2859_2_Oblique__07042015 (1)_0.jpg,1
59KKA2859_2_Oblique__07042015 (1)_2.jpg,1
59KKA2859_2_Oblique__07042015 (11)_2.jpg,1
59KKA2859_2_Oblique__07042015 (2)_0.jpg,1
59KKA2859_2_Oblique__07042015 (2)_2.jpg,1
59KKA2859_2_Oblique__07042015 (22)_0.jpg,1
59KKA2859_2_Oblique__07042015 (22)_2.jpg,1
59KKA2859_2_Oblique__07042015 (23)_0.jpg,1
59KKA2859_2_Oblique__07042015 (24)_0.jpg,1
59KKA2859_2_Oblique__07042015 (25)_0.jpg,1
59KKA2859_2_Oblique__07042015 (26)_0.jpg,1
59KKA2859_2_Oblique__07042015 (27)_0.jpg,1
59KKA2859_2_Oblique__07042015 (27)_1.jpg,1
59KKA2859_2_Oblique__07042015 (27)_2.jpg,1
59KKA2859_2_Oblique__07042015 (28)_0.jpg,1
59KKA2859_2_Oblique__07042015 (28)_1.jpg,1
59KKA2859_2_Oblique__07042015 (28)_2.jpg,1
59KKA2859_2_Oblique__07042015 (29)_0.jpg,1
59KKA2859_2_Oblique__07042015 (29)_1.jpg,1
59KKA2859_2_Oblique__07042015 (29)_3.jpg,1
59KKA2859_2_Oblique__07042015 (3)_0.jpg,1
59KKA2859_2_Oblique__07042015 (3)_2.jpg,1
59KKA2859_2_Oblique__07042015 (30)_0.jpg,1
59KKA2859_2_Oblique__07042015 (30)_1.jpg,1
59KKA2859_2_Oblique__07042015 (30)_3.jpg,1
59KKA2859_2_Oblique__07042015 (31)_0.jpg,1
59KKA2859_2_Oblique__07042015 (31)_1.jpg,1
59KKA2859_2_Oblique__07042015 (31)_3.jpg,1
59KKA2859_2_Oblique__07042015 (32)_0.jpg,1
59KKA2859_2_Oblique__07042015 (32)_1.jpg,1
59KKA2859_2_Oblique__07042015 (32)_3.jpg,1
59KKA2859_2_Oblique__07042015 (33)_1.jpg,1
59KKA2859_2_Oblique__07042015 (36)_2.jpg,1
59KKA2859_2_Oblique__07042015 (37)_2.jpg,1
59KKA2859_2_Oblique__07042015 (38)_2.jpg,1
59KKA2859_2_Oblique__07042015 (39)_2.jpg,1
59KKA2859_2_Oblique__07042015 (4)_0.jpg,1
59KKA2859_2_Oblique__07042015 (4)_2.jpg,1
59KKA2859_2_Oblique__07042015 (40)_0.jpg,1
59KKA2859_2_Oblique__07042015 (40)_2.jpg,1
59KKA2859_2_Oblique__07042015 (40)_3.jpg,1
59KKA2859_2_Oblique__07042015 (41)_2.jpg,1
59KKA2859_2_Oblique__07042015 (41)_3.jpg,1
59KKA2859_2_Oblique__07042015 (42)_2.jpg,1
59KKA2859_2_Oblique__07042015 (42)_3.jpg,1
59KKA2859_2_Oblique__07042015 (43)_0.jpg,1
59KKA2859_2_Oblique__07042015 (43)_2.jpg,1
59KKA2859_2_Oblique__07042015 (44)_0.jpg,1
59KKA2859_2_Oblique__07042015 (44)_2.jpg,1
59KKA2859_2_Oblique__07042015 (44)_3.jpg,1
59KKA2859_2_Oblique__07042015 (45)_0.jpg,1
59KKA2859_2_Oblique__07042015 (45)_1.jpg,1
59KKA2859_2_Oblique__07042015 (45)_3.jpg,1
59KKA2859_2_Oblique__07042015 (46)_0.jpg,1
59KKA2859_2_Oblique__07042015 (46)_1.jpg,1
59KKA2859_2_Oblique__07042015 (47)_0.jpg,1
59KKA2859_2_Oblique__07042015 (47)_1.jpg,1
59KKA2859_2_Oblique__07042015 (5)_0.jpg,1
59KKA2859_2_Oblique__07042015 (5)_2.jpg,1
59KKA2859_2_Oblique__07042015 (53)_0.jpg,1
59KKA2859_2_Oblique__07042015 (54)_2.jpg,1
59KKA2859_2_Oblique__07042015 (55)_2.jpg,1
59KKA2859_2_Oblique__07042015 (56)_3.jpg,1
59KKA2859_2_Oblique__07042015 (57)_3.jpg,1
59KKA2859_2_Oblique__07042015 (58)_2.jpg,1
59KKA2859_2_Oblique__07042015 (59)_2.jpg,1
59KKA2859_2_Oblique__07042015 (6)_0.jpg,1
59KKA2859_2_Oblique__07042015 (6)_2.jpg,1
59KKA2859_2_Oblique__07042015 (60)_2.jpg,1
59KKA2859_2_Oblique__07042015 (61)_2.jpg,1
59KKA2859_2_Oblique__07042015 (62)_2.jpg,1
59KKA2859_2_Oblique__07042015 (63)_2.jpg,1
59KKA2859_2_Oblique__07042015 (63)_3.jpg,1
59KKA2859_2_Oblique__07042015 (64)_3.jpg,1
59KKA2859_2_Oblique__07042015 (7)_0.jpg,1
59KKA2859_2_Oblique__07042015 (7)_2.jpg,1
59KKA2859_2_Oblique__07042015 (72)_2.jpg,1
59KKA2859_2_Oblique__07042015 (73)_2.jpg,1
59KKA2859_2_Oblique__07042015 (74)_2.jpg,1
59KKA2859_2_Oblique__07042015 (75)_2.jpg,1
59KKA2859_2_Oblique__07042015 (75)_3.jpg,1
59KKA2859_2_Oblique__07042015 (76)_3.jpg,1
59KKA2859_2_Oblique__07042015 (8)_1.jpg,1
59KKA2859_2_Oblique__07042015 (83)_2.jpg,1
59KKA2859_2_Oblique__07042015 (85)_1.jpg,1
59KKA2859_2_Oblique__07042015 (9)_1.jpg,1
59KKA2859_2_Oblique__07042015 (9)_3.jpg,1
59KKA2859_2_Oblique__07042015 (92)_0.jpg,1
59KKA2859_2_Oblique__07042015 (92)_2.jpg,1
59KKA2859_2_Oblique__07042015 (93)_0.jpg,1
59KKA2859_2_Oblique__07042015 (93)_2.jpg,1
59KKA2859_2_Oblique__07042015 (94)_0.jpg,1
59KKA2859_2_Oblique__07042015 (94)_2.jpg,1
59KKA2859_2_Oblique__07042015 (95)_0.jpg,1
59KKA2859_2_Oblique__07042015 (95)_2.jpg,1
59KKA2859_2_Oblique__07042015 (96)_0.jpg,1
59KKA2859_2_Oblique__07042015 (96)_2.jpg,1
59KKA2859_2_Oblique__07042015 (97)_2.jpg,1
59KKA2859_2_Oblique__07042015 (98)_2.jpg,1
59KKA2859_2_Oblique__07042015 (1)_1.jpg,0
59KKA2859_2_Oblique__07042015 (1)_3.jpg,0
59KKA2859_2_Oblique__07042015 (10)_0.jpg,0
59KKA2859_2_Oblique__07042015 (10)_1.jpg,0
59KKA2859_2_Oblique__07042015 (10)_2.jpg,0
59KKA2859_2_Oblique__07042015 (10)_3.jpg,0
59KKA2859_2_Oblique__07042015 (100)_0.jpg,0
59KKA2859_2_Oblique__07042015 (100)_1.jpg,0
59KKA2859_2_Oblique__07042015 (100)_2.jpg,0
59KKA2859_2_Oblique__07042015 (100)_3.jpg,0
59KKA2859_2_Oblique__07042015 (101)_0.jpg,0
59KKA2859_2_Oblique__07042015 (101)_1.jpg,0
59KKA2859_2_Oblique__07042015 (101)_2.jpg,0
59KKA2859_2_Oblique__07042015 (101)_3.jpg,0
59KKA2859_2_Oblique__07042015 (102)_0.jpg,0
59KKA2859_2_Oblique__07042015 (102)_1.jpg,0
59KKA2859_2_Oblique__07042015 (102)_2.jpg,0
59KKA2859_2_Oblique__07042015 (102)_3.jpg,0
59KKA2859_2_Oblique__07042015 (11)_0.jpg,0
59KKA2859_2_Oblique__07042015 (11)_1.jpg,0
59KKA2859_2_Oblique__07042015 (11)_3.jpg,0
59KKA2859_2_Oblique__07042015 (12)_0.jpg,0
59KKA2859_2_Oblique__07042015 (12)_1.jpg,0
59KKA2859_2_Oblique__07042015 (12)_2.jpg,0
59KKA2859_2_Oblique__07042015 (12)_3.jpg,0
59KKA2859_2_Oblique__07042015 (13)_0.jpg,0
59KKA2859_2_Oblique__07042015 (13)_1.jpg,0
59KKA2859_2_Oblique__07042015 (13)_2.jpg,0
59KKA2859_2_Oblique__07042015 (13)_3.jpg,0
59KKA2859_2_Oblique__07042015 (14)_0.jpg,0
59KKA2859_2_Oblique__07042015 (14)_1.jpg,0
59KKA2859_2_Oblique__07042015 (14)_2.jpg,0
59KKA2859_2_Oblique__07042015 (14)_3.jpg,0
59KKA2859_2_Oblique__07042015 (15)_0.jpg,0
59KKA2859_2_Oblique__07042015 (15)_1.jpg,0
59KKA2859_2_Oblique__07042015 (15)_2.jpg,0
59KKA2859_2_Oblique__07042015 (15)_3.jpg,0
59KKA2859_2_Oblique__07042015 (16)_0.jpg,0
59KKA2859_2_Oblique__07042015 (16)_1.jpg,0
59KKA2859_2_Oblique__07042015 (16)_2.jpg,0
59KKA2859_2_Oblique__07042015 (16)_3.jpg,0
59KKA2859_2_Oblique__07042015 (17)_0.jpg,0
59KKA2859_2_Oblique__07042015 (17)_1.jpg,0
59KKA2859_2_Oblique__07042015 (17)_2.jpg,0
59KKA2859_2_Oblique__07042015 (17)_3.jpg,0
59KKA2859_2_Oblique__07042015 (18)_0.jpg,0
59KKA2859_2_Oblique__07042015 (18)_1.jpg,0
59KKA2859_2_Oblique__07042015 (18)_2.jpg,0
59KKA2859_2_Oblique__07042015 (18)_3.jpg,0
59KKA2859_2_Oblique__07042015 (19)_0.jpg,0
59KKA2859_2_Oblique__07042015 (19)_1.jpg,0
59KKA2859_2_Oblique__07042015 (19)_2.jpg,0
59KKA2859_2_Oblique__07042015 (19)_3.jpg,0
59KKA2859_2_Oblique__07042015 (2)_1.jpg,0
59KKA2859_2_Oblique__07042015 (2)_3.jpg,0
59KKA2859_2_Oblique__07042015 (20)_0.jpg,0
59KKA2859_2_Oblique__07042015 (20)_1.jpg,0
59KKA2859_2_Oblique__07042015 (20)_2.jpg,0
59KKA2859_2_Oblique__07042015 (20)_3.jpg,0
59KKA2859_2_Oblique__07042015 (21)_0.jpg,0
59KKA2859_2_Oblique__07042015 (21)_1.jpg,0
59KKA2859_2_Oblique__07042015 (21)_2.jpg,0
59KKA2859_2_Oblique__07042015 (21)_3.jpg,0
59KKA2859_2_Oblique__07042015 (22)_1.jpg,0
59KKA2859_2_Oblique__07042015 (22)_3.jpg,0
59KKA2859_2_Oblique__07042015 (23)_1.jpg,0
59KKA2859_2_Oblique__07042015 (23)_2.jpg,0
59KKA2859_2_Oblique__07042015 (23)_3.jpg,0
59KKA2859_2_Oblique__07042015 (24)_1.jpg,0
59KKA2859_2_Oblique__07042015 (24)_2.jpg,0
59KKA2859_2_Oblique__07042015 (24)_3.jpg,0
59KKA2859_2_Oblique__07042015 (25)_1.jpg,0
59KKA2859_2_Oblique__07042015 (25)_2.jpg,0
59KKA2859_2_Oblique__07042015 (25)_3.jpg,0
59KKA2859_2_Oblique__07042015 (26)_1.jpg,0
59KKA2859_2_Oblique__07042015 (26)_2.jpg,0
59KKA2859_2_Oblique__07042015 (26)_3.jpg,0
59KKA2859_2_Oblique__07042015 (27)_3.jpg,0
59KKA2859_2_Oblique__07042015 (28)_3.jpg,0
59KKA2859_2_Oblique__07042015 (29)_2.jpg,0
59KKA2859_2_Oblique__07042015 (3)_1.jpg,0
59KKA2859_2_Oblique__07042015 (3)_3.jpg,0
59KKA2859_2_Oblique__07042015 (30)_2.jpg,0
59KKA2859_2_Oblique__07042015 (31)_2.jpg,0
59KKA2859_2_Oblique__07042015 (32)_2.jpg,0
59KKA2859_2_Oblique__07042015 (33)_0.jpg,0
59KKA2859_2_Oblique__07042015 (33)_2.jpg,0
59KKA2859_2_Oblique__07042015 (33)_3.jpg,0
59KKA2859_2_Oblique__07042015 (34)_0.jpg,0
59KKA2859_2_Oblique__07042015 (34)_1.jpg,0
59KKA2859_2_Oblique__07042015 (34)_2.jpg,0
59KKA2859_2_Oblique__07042015 (34)_3.jpg,0
59KKA2859_2_Oblique__07042015 (35)_0.jpg,0
59KKA2859_2_Oblique__07042015 (35)_1.jpg,0
59KKA2859_2_Oblique__07042015 (35)_2.jpg,0
59KKA2859_2_Oblique__07042015 (35)_3.jpg,0
59KKA2859_2_Oblique__07042015 (36)_0.jpg,0
59KKA2859_2_Oblique__07042015 (36)_1.jpg,0
59KKA2859_2_Oblique__07042015 (36)_3.jpg,0
59KKA2859_2_Oblique__07042015 (37)_0.jpg,0
59KKA2859_2_Oblique__07042015 (37)_1.jpg,0
59KKA2859_2_Oblique__07042015 (37)_3.jpg,0
59KKA2859_2_Oblique__07042015 (38)_0.jpg,0
59KKA2859_2_Oblique__07042015 (38)_1.jpg,0
59KKA2859_2_Oblique__07042015 (38)_3.jpg,0
59KKA2859_2_Oblique__07042015 (39)_0.jpg,0
59KKA2859_2_Oblique__07042015 (39)_1.jpg,0
59KKA2859_2_Oblique__07042015 (39)_3.jpg,0
59KKA2859_2_Oblique__07042015 (4)_1.jpg,0
59KKA2859_2_Oblique__07042015 (4)_3.jpg,0
59KKA2859_2_Oblique__07042015 (40)_1.jpg,0
59KKA2859_2_Oblique__07042015 (41)_0.jpg,0
59KKA2859_2_Oblique__07042015 (41)_1.jpg,0
59KKA2859_2_Oblique__07042015 (42)_0.jpg,0
59KKA2859_2_Oblique__07042015 (42)_1.jpg,0
59KKA2859_2_Oblique__07042015 (43)_1.jpg,0
59KKA2859_2_Oblique__07042015 (43)_3.jpg,0
59KKA2859_2_Oblique__07042015 (44)_1.jpg,0
59KKA2859_2_Oblique__07042015 (45)_2.jpg,0
59KKA2859_2_Oblique__07042015 (46)_2.jpg,0
59KKA2859_2_Oblique__07042015 (46)_3.jpg,0
59KKA2859_2_Oblique__07042015 (47)_2.jpg,0
59KKA2859_2_Oblique__07042015 (47)_3.jpg,0
59KKA2859_2_Oblique__07042015 (48)_0.jpg,0
59KKA2859_2_Oblique__07042015 (48)_1.jpg,0
59KKA2859_2_Oblique__07042015 (48)_2.jpg,0
59KKA2859_2_Oblique__07042015 (48)_3.jpg,0
59KKA2859_2_Oblique__07042015 (49)_0.jpg,0
59KKA2859_2_Oblique__07042015 (49)_1.jpg,0
59KKA2859_2_Oblique__07042015 (49)_2.jpg,0
59KKA2859_2_Oblique__07042015 (49)_3.jpg,0
59KKA2859_2_Oblique__07042015 (5)_1.jpg,0
59KKA2859_2_Oblique__07042015 (5)_3.jpg,0
59KKA2859_2_Oblique__07042015 (50)_0.jpg,0
59KKA2859_2_Oblique__07042015 (50)_1.jpg,0
59KKA2859_2_Oblique__07042015 (50)_2.jpg,0
59KKA2859_2_Oblique__07042015 (50)_3.jpg,0
59KKA2859_2_Oblique__07042015 (51)_0.jpg,0
59KKA2859_2_Oblique__07042015 (51)_1.jpg,0
59KKA2859_2_Oblique__07042015 (51)_2.jpg,0
59KKA2859_2_Oblique__07042015 (51)_3.jpg,0
59KKA2859_2_Oblique__07042015 (52)_0.jpg,0
59KKA2859_2_Oblique__07042015 (52)_1.jpg,0
59KKA2859_2_Oblique__07042015 (52)_2.jpg,0
59KKA2859_2_Oblique__07042015 (52)_3.jpg,0
59KKA2859_2_Oblique__07042015 (53)_1.jpg,0
59KKA2859_2_Oblique__07042015 (53)_2.jpg,0
59KKA2859_2_Oblique__07042015 (53)_3.jpg,0
59KKA2859_2_Oblique__07042015 (54)_0.jpg,0
59KKA2859_2_Oblique__07042015 (54)_1.jpg,0
59KKA2859_2_Oblique__07042015 (54)_3.jpg,0
59KKA2859_2_Oblique__07042015 (55)_0.jpg,0
59KKA2859_2_Oblique__07042015 (55)_1.jpg,0
59KKA2859_2_Oblique__07042015 (55)_3.jpg,0
59KKA2859_2_Oblique__07042015 (56)_0.jpg,0
59KKA2859_2_Oblique__07042015 (56)_1.jpg,0
59KKA2859_2_Oblique__07042015 (56)_2.jpg,0
59KKA2859_2_Oblique__07042015 (57)_0.jpg,0
59KKA2859_2_Oblique__07042015 (57)_1.jpg,0
59KKA2859_2_Oblique__07042015 (57)_2.jpg,0
59KKA2859_2_Oblique__07042015 (58)_0.jpg,0
59KKA2859_2_Oblique__07042015 (58)_1.jpg,0
59KKA2859_2_Oblique__07042015 (58)_3.jpg,0
59KKA2859_2_Oblique__07042015 (59)_0.jpg,0
59KKA2859_2_Oblique__07042015 (59)_1.jpg,0
59KKA2859_2_Oblique__07042015 (59)_3.jpg,0
59KKA2859_2_Oblique__07042015 (6)_1.jpg,0
59KKA2859_2_Oblique__07042015 (6)_3.jpg,0
59KKA2859_2_Oblique__07042015 (60)_0.jpg,0
59KKA2859_2_Oblique__07042015 (60)_1.jpg,0
59KKA2859_2_Oblique__07042015 (60)_3.jpg,0
59KKA2859_2_Oblique__07042015 (61)_0.jpg,0
59KKA2859_2_Oblique__07042015 (61)_1.jpg,0
59KKA2859_2_Oblique__07042015 (61)_3.jpg,0
59KKA2859_2_Oblique__07042015 (62)_0.jpg,0
59KKA2859_2_Oblique__07042015 (62)_1.jpg,0
59KKA2859_2_Oblique__07042015 (62)_3.jpg,0
59KKA2859_2_Oblique__07042015 (63)_0.jpg,0
59KKA2859_2_Oblique__07042015 (63)_1.jpg,0
59KKA2859_2_Oblique__07042015 (64)_0.jpg,0
59KKA2859_2_Oblique__07042015 (64)_1.jpg,0
59KKA2859_2_Oblique__07042015 (64)_2.jpg,0
59KKA2859_2_Oblique__07042015 (65)_0.jpg,0
59KKA2859_2_Oblique__07042015 (65)_1.jpg,0
59KKA2859_2_Oblique__07042015 (65)_2.jpg,0
59KKA2859_2_Oblique__07042015 (65)_3.jpg,0
59KKA2859_2_Oblique__07042015 (66)_0.jpg,0
59KKA2859_2_Oblique__07042015 (66)_1.jpg,0
59KKA2859_2_Oblique__07042015 (66)_2.jpg,0
59KKA2859_2_Oblique__07042015 (66)_3.jpg,0
59KKA2859_2_Oblique__07042015 (67)_0.jpg,0
59KKA2859_2_Oblique__07042015 (67)_1.jpg,0
59KKA2859_2_Oblique__07042015 (67)_2.jpg,0
59KKA2859_2_Oblique__07042015 (67)_3.jpg,0
59KKA2859_2_Oblique__07042015 (68)_0.jpg,0
59KKA2859_2_Oblique__07042015 (68)_1.jpg,0
59KKA2859_2_Oblique__07042015 (68)_2.jpg,0
59KKA2859_2_Oblique__07042015 (68)_3.jpg,0
59KKA2859_2_Oblique__07042015 (69)_0.jpg,0
59KKA2859_2_Oblique__07042015 (69)_1.jpg,0
59KKA2859_2_Oblique__07042015 (69)_2.jpg,0
59KKA2859_2_Oblique__07042015 (69)_3.jpg,0
59KKA2859_2_Oblique__07042015 (7)_1.jpg,0
59KKA2859_2_Oblique__07042015 (7)_3.jpg,0
59KKA2859_2_Oblique__07042015 (70)_0.jpg,0
59KKA2859_2_Oblique__07042015 (70)_1.jpg,0
59KKA2859_2_Oblique__07042015 (70)_2.jpg,0
59KKA2859_2_Oblique__07042015 (70)_3.jpg,0
59KKA2859_2_Oblique__07042015 (71)_0.jpg,0
59KKA2859_2_Oblique__07042015 (71)_1.jpg,0
59KKA2859_2_Oblique__07042015 (71)_2.jpg,0
59KKA2859_2_Oblique__07042015 (71)_3.jpg,0
59KKA2859_2_Oblique__07042015 (72)_0.jpg,0
59KKA2859_2_Oblique__07042015 (72)_1.jpg,0
59KKA2859_2_Oblique__07042015 (72)_3.jpg,0
59KKA2859_2_Oblique__07042015 (73)_0.jpg,0
59KKA2859_2_Oblique__07042015 (73)_1.jpg,0
59KKA2859_2_Oblique__07042015 (73)_3.jpg,0
59KKA2859_2_Oblique__07042015 (74)_0.jpg,0
59KKA2859_2_Oblique__07042015 (74)_1.jpg,0
59KKA2859_2_Oblique__07042015 (74)_3.jpg,0
59KKA2859_2_Oblique__07042015 (75)_0.jpg,0
59KKA2859_2_Oblique__07042015 (75)_1.jpg,0
59KKA2859_2_Oblique__07042015 (76)_0.jpg,0
59KKA2859_2_Oblique__07042015 (76)_1.jpg,0
59KKA2859_2_Oblique__07042015 (76)_2.jpg,0
59KKA2859_2_Oblique__07042015 (77)_0.jpg,0
59KKA2859_2_Oblique__07042015 (77)_1.jpg,0
59KKA2859_2_Oblique__07042015 (77)_2.jpg,0
59KKA2859_2_Oblique__07042015 (77)_3.jpg,0
59KKA2859_2_Oblique__07042015 (78)_0.jpg,0
59KKA2859_2_Oblique__07042015 (78)_1.jpg,0
59KKA2859_2_Oblique__07042015 (78)_2.jpg,0
59KKA2859_2_Oblique__07042015 (78)_3.jpg,0
59KKA2859_2_Oblique__07042015 (79)_0.jpg,0
59KKA2859_2_Oblique__07042015 (79)_1.jpg,0
59KKA2859_2_Oblique__07042015 (79)_2.jpg,0
59KKA2859_2_Oblique__07042015 (79)_3.jpg,0
59KKA2859_2_Oblique__07042015 (8)_0.jpg,0
59KKA2859_2_Oblique__07042015 (8)_2.jpg,0
59KKA2859_2_Oblique__07042015 (8)_3.jpg,0
59KKA2859_2_Oblique__07042015 (80)_0.jpg,0
59KKA2859_2_Oblique__07042015 (80)_1.jpg,0
59KKA2859_2_Oblique__07042015 (80)_2.jpg,0
59KKA2859_2_Oblique__07042015 (80)_3.jpg,0
59KKA2859_2_Oblique__07042015 (81)_0.jpg,0
59KKA2859_2_Oblique__07042015 (81)_1.jpg,0
59KKA2859_2_Oblique__07042015 (81)_2.jpg,0
59KKA2859_2_Oblique__07042015 (81)_3.jpg,0
59KKA2859_2_Oblique__07042015 (82)_0.jpg,0
59KKA2859_2_Oblique__07042015 (82)_1.jpg,0
59KKA2859_2_Oblique__07042015 (82)_2.jpg,0
59KKA2859_2_Oblique__07042015 (82)_3.jpg,0
59KKA2859_2_Oblique__07042015 (83)_0.jpg,0
59KKA2859_2_Oblique__07042015 (83)_1.jpg,0
59KKA2859_2_Oblique__07042015 (83)_3.jpg,0
59KKA2859_2_Oblique__07042015 (84)_0.jpg,0
59KKA2859_2_Oblique__07042015 (84)_1.jpg,0
59KKA2859_2_Oblique__07042015 (84)_2.jpg,0
59KKA2859_2_Oblique__07042015 (84)_3.jpg,0
59KKA2859_2_Oblique__07042015 (85)_0.jpg,0
59KKA2859_2_Oblique__07042015 (85)_2.jpg,0
59KKA2859_2_Oblique__07042015 (85)_3.jpg,0
59KKA2859_2_Oblique__07042015 (86)_0.jpg,0
59KKA2859_2_Oblique__07042015 (86)_1.jpg,0
59KKA2859_2_Oblique__07042015 (86)_2.jpg,0
59KKA2859_2_Oblique__07042015 (86)_3.jpg,0
59KKA2859_2_Oblique__07042015 (87)_0.jpg,0
59KKA2859_2_Oblique__07042015 (87)_1.jpg,0
59KKA2859_2_Oblique__07042015 (87)_2.jpg,0
59KKA2859_2_Oblique__07042015 (87)_3.jpg,0
59KKA2859_2_Oblique__07042015 (88)_0.jpg,0
59KKA2859_2_Oblique__07042015 (88)_1.jpg,0
59KKA2859_2_Oblique__07042015 (88)_2.jpg,0
59KKA2859_2_Oblique__07042015 (88)_3.jpg,0
59KKA2859_2_Oblique__07042015 (89)_0.jpg,0
59KKA2859_2_Oblique__07042015 (89)_1.jpg,0
59KKA2859_2_Oblique__07042015 (89)_2.jpg,0
59KKA2859_2_Oblique__07042015 (89)_3.jpg,0
59KKA2859_2_Oblique__07042015 (9)_0.jpg,0
59KKA2859_2_Oblique__07042015 (9)_2.jpg,0
59KKA2859_2_Oblique__07042015 (90)_0.jpg,0
59KKA2859_2_Oblique__07042015 (90)_1.jpg,0
59KKA2859_2_Oblique__07042015 (90)_2.jpg,0
59KKA2859_2_Oblique__07042015 (90)_3.jpg,0
59KKA2859_2_Oblique__07042015 (91)_0.jpg,0
59KKA2859_2_Oblique__07042015 (91)_1.jpg,0
59KKA2859_2_Oblique__07042015 (91)_2.jpg,0
59KKA2859_2_Oblique__07042015 (91)_3.jpg,0
59KKA2859_2_Oblique__07042015 (92)_1.jpg,0
59KKA2859_2_Oblique__07042015 (92)_3.jpg,0
59KKA2859_2_Oblique__07042015 (93)_1.jpg,0
59KKA2859_2_Oblique__07042015 (93)_3.jpg,0
59KKA2859_2_Oblique__07042015 (94)_1.jpg,0
59KKA2859_2_Oblique__07042015 (94)_3.jpg,0
59KKA2859_2_Oblique__07042015 (95)_1.jpg,0
59KKA2859_2_Oblique__07042015 (95)_3.jpg,0
59KKA2859_2_Oblique__07042015 (96)_1.jpg,0
59KKA2859_2_Oblique__07042015 (96)_3.jpg,0
59KKA2859_2_Oblique__07042015 (97)_0.jpg,0
59KKA2859_2_Oblique__07042015 (97)_1.jpg,0
59KKA2859_2_Oblique__07042015 (97)_3.jpg,0
59KKA2859_2_Oblique__07042015 (98)_0.jpg,0
59KKA2859_2_Oblique__07042015 (98)_1.jpg,0
59KKA2859_2_Oblique__07042015 (98)_3.jpg,0
59KKA2859_2_Oblique__07042015 (99)_0.jpg,0
59KKA2859_2_Oblique__07042015 (99)_1.jpg,0
59KKA2859_2_Oblique__07042015 (99)_2.jpg,0
59KKA2859_2_Oblique__07042015 (99)_3.jpg,0
DJI00901_1.jpg,1
DJI00901_2.jpg,1
DJI00902_1.jpg,1
DJI00902_2.jpg,1
DJI00903_0.jpg,1
DJI00903_2.jpg,1
DJI00904_0.jpg,1
DJI00904_2.jpg,1
DJI00905_2.jpg,1
DJI00905_3.jpg,1
DJI00906_1.jpg,1
DJI00906_2.jpg,1
DJI00906_3.jpg,1
DJI00907_1.jpg,1
DJI00907_2.jpg,1
DJI00907_3.jpg,1
DJI00908_0.jpg,1
DJI00908_1.jpg,1
DJI00908_2.jpg,1
DJI00908_3.jpg,1
DJI00909_0.jpg,1
DJI00909_1.jpg,1
DJI00909_3.jpg,1
DJI00910_0.jpg,1
DJI00910_1.jpg,1
DJI00911_0.jpg,1
DJI00911_1.jpg,1
DJI00912_0.jpg,1
DJI00912_1.jpg,1
DJI00913_1.jpg,1
DJI00914_1.jpg,1
DJI00914_3.jpg,1
DJI00915_1.jpg,1
DJI00915_3.jpg,1
DJI00916_1.jpg,1
DJI00916_3.jpg,1
DJI00917_1.jpg,1
DJI00918_1.jpg,1
DJI00919_1.jpg,1
DJI00920_1.jpg,1
DJI00920_3.jpg,1
DJI00921_2.jpg,1
DJI00921_3.jpg,1
DJI00922_0.jpg,1
DJI00922_1.jpg,1
DJI00922_3.jpg,1
DJI00923_0.jpg,1
DJI00923_1.jpg,1
DJI00923_3.jpg,1
DJI00924_0.jpg,1
DJI00924_1.jpg,1
DJI00924_3.jpg,1
DJI00925_0.jpg,1
DJI00925_1.jpg,1
DJI00925_3.jpg,1
DJI00926_0.jpg,1
DJI00926_1.jpg,1
DJI00926_2.jpg,1
DJI00926_3.jpg,1
DJI00927_0.jpg,1
DJI00927_1.jpg,1
DJI00927_3.jpg,1
DJI00928_0.jpg,1
DJI00928_1.jpg,1
DJI00928_3.jpg,1
DJI00929_0.jpg,1
DJI00929_1.jpg,1
DJI00930_0.jpg,1
DJI00930_1.jpg,1
DJI00930_2.jpg,1
DJI00931_0.jpg,1
DJI00931_2.jpg,1
DJI00932_0.jpg,1
DJI00932_1.jpg,1
DJI00932_3.jpg,1
DJI00933_0.jpg,1
DJI00933_1.jpg,1
DJI00933_3.jpg,1
DJI00934_0.jpg,1
DJI00934_1.jpg,1
DJI00934_3.jpg,1
DJI00935_0.jpg,1
DJI00935_1.jpg,1
DJI00935_3.jpg,1
DJI00936_0.jpg,1
DJI00936_1.jpg,1
DJI00937_1.jpg,1
DJI00938_1.jpg,1
DJI00939_1.jpg,1
DJI00940_0.jpg,1
DJI00940_1.jpg,1
DJI00941_1.jpg,1
DJI00942_0.jpg,1
DJI00942_2.jpg,1
DJI00943_0.jpg,1
DJI00943_2.jpg,1
DJI00944_0.jpg,1
DJI00944_2.jpg,1
DJI00945_0.jpg,1
DJI00945_2.jpg,1
DJI00946_0.jpg,1
DJI00946_2.jpg,1
DJI00946_3.jpg,1
DJI00947_0.jpg,1
DJI00947_2.jpg,1
DJI00947_3.jpg,1
DJI00948_0.jpg,1
DJI00948_1.jpg,1
DJI00948_2.jpg,1
DJI00948_3.jpg,1
DJI00949_0.jpg,1
DJI00949_1.jpg,1
DJI00949_2.jpg,1
DJI00949_3.jpg,1
DJI00950_0.jpg,1
DJI00950_1.jpg,1
DJI00950_2.jpg,1
DJI00950_3.jpg,1
DJI00951_0.jpg,1
DJI00951_1.jpg,1
DJI00951_2.jpg,1
DJI00951_3.jpg,1
DJI00952_0.jpg,1
DJI00952_1.jpg,1
DJI00952_2.jpg,1
DJI00952_3.jpg,1
DJI00953_0.jpg,1
DJI00953_1.jpg,1
DJI00953_2.jpg,1
DJI00953_3.jpg,1
DJI00954_0.jpg,1
DJI00954_1.jpg,1
DJI00954_2.jpg,1
DJI00954_3.jpg,1
DJI00955_0.jpg,1
DJI00955_1.jpg,1
DJI00955_2.jpg,1
DJI00955_3.jpg,1
DJI00956_0.jpg,1
DJI00956_1.jpg,1
DJI00956_2.jpg,1
DJI00956_3.jpg,1
DJI00957_0.jpg,1
DJI00957_1.jpg,1
DJI00957_2.jpg,1
DJI00957_3.jpg,1
DJI00958_0.jpg,1
DJI00958_1.jpg,1
DJI00958_2.jpg,1
DJI00958_3.jpg,1
DJI00959_0.jpg,1
DJI00959_1.jpg,1
DJI00959_2.jpg,1
DJI00959_3.jpg,1
DJI00960_0.jpg,1
DJI00960_1.jpg,1
DJI00960_2.jpg,1
DJI00960_3.jpg,1
DJI00961_1.jpg,1
DJI00961_2.jpg,1
DJI00961_3.jpg,1
DJI00962_0.jpg,1
DJI00962_1.jpg,1
DJI00962_2.jpg,1
DJI00963_0.jpg,1
DJI00964_0.jpg,1
DJI00965_0.jpg,1
DJI00965_2.jpg,1
DJI00966_0.jpg,1
DJI00966_1.jpg,1
DJI00966_2.jpg,1
DJI00966_3.jpg,1
DJI00967_0.jpg,1
DJI00967_2.jpg,1
DJI00968_0.jpg,1
DJI00968_2.jpg,1
DJI00969_0.jpg,1
DJI00969_2.jpg,1
DJI00969_3.jpg,1
DJI00970_0.jpg,1
DJI00970_1.jpg,1
DJI00970_2.jpg,1
DJI00970_3.jpg,1
DJI00971_0.jpg,1
DJI00971_1.jpg,1
DJI00971_2.jpg,1
DJI00971_3.jpg,1
DJI00972_0.jpg,1
DJI00972_1.jpg,1
DJI00972_2.jpg,1
DJI00972_3.jpg,1
DJI00973_0.jpg,1
DJI00973_1.jpg,1
DJI00973_2.jpg,1
DJI00974_0.jpg,1
DJI00974_1.jpg,1
DJI00974_2.jpg,1
DJI00975_0.jpg,1
DJI00975_1.jpg,1
DJI00975_2.jpg,1
DJI00976_0.jpg,1
DJI00976_1.jpg,1
DJI00976_2.jpg,1
DJI00977_0.jpg,1
DJI00977_1.jpg,1
DJI00977_2.jpg,1
DJI00978_0.jpg,1
DJI00978_1.jpg,1
DJI00979_0.jpg,1
DJI00979_1.jpg,1
DJI00979_3.jpg,1
DJI00980_0.jpg,1
DJI00980_1.jpg,1
DJI00981_0.jpg,1
DJI00981_1.jpg,1
DJI00982_0.jpg,1
DJI00982_1.jpg,1
DJI00983_1.jpg,1
DJI00984_1.jpg,1
DJI00985_2.jpg,1
DJI00986_2.jpg,1
DJI00986_3.jpg,1
DJI00987_0.jpg,1
DJI00987_2.jpg,1
DJI00987_3.jpg,1
DJI00988_0.jpg,1
DJI00988_1.jpg,1
DJI00988_2.jpg,1
DJI00989_1.jpg,1
DJI00989_2.jpg,1
DJI00990_1.jpg,1
DJI00990_2.jpg,1
DJI00991_1.jpg,1
DJI00991_2.jpg,1
DJI00992_2.jpg,1
DJI00993_0.jpg,1
DJI00993_2.jpg,1
DJI00994_1.jpg,1
DJI00994_2.jpg,1
DJI00995_0.jpg,1
DJI00995_1.jpg,1
DJI00996_2.jpg,1
DJI00998_1.jpg,1
DJI00998_2.jpg,1
DJI00998_3.jpg,1
DJI00999_2.jpg,1
DJI00999_3.jpg,1
DJI01000_0.jpg,1
DJI01000_1.jpg,1
DJI01000_3.jpg,1
DJI01001_0.jpg,1
DJI01001_3.jpg,1
DJI01002_0.jpg,1
DJI01003_1.jpg,1
DJI01003_2.jpg,1
DJI01004_2.jpg,1
DJI01005_2.jpg,1
DJI01006_2.jpg,1
DJI01007_2.jpg,1
DJI01008_2.jpg,1
DJI01009_0.jpg,1
DJI01009_2.jpg,1
DJI01010_0.jpg,1
DJI01010_2.jpg,1
DJI01010_3.jpg,1
DJI01011_0.jpg,1
DJI01011_2.jpg,1
DJI01011_3.jpg,1
DJI01012_0.jpg,1
DJI01012_2.jpg,1
DJI01013_0.jpg,1
DJI01013_2.jpg,1
DJI01013_3.jpg,1
DJI01014_0.jpg,1
DJI01014_1.jpg,1
DJI01014_2.jpg,1
DJI01014_3.jpg,1
DJI01015_1.jpg,1
DJI01015_3.jpg,1
DJI01016_0.jpg,1
DJI01016_2.jpg,1
DJI01016_3.jpg,1
DJI01017_2.jpg,1
DJI01017_3.jpg,1
DJI01018_2.jpg,1
DJI01018_3.jpg,1
DJI01019_2.jpg,1
DJI01020_0.jpg,1
DJI01020_2.jpg,1
DJI01021_0.jpg,1
DJI01021_1.jpg,1
DJI01021_2.jpg,1
DJI01021_3.jpg,1
DJI01022_0.jpg,1
DJI01022_2.jpg,1
DJI01023_0.jpg,1
DJI01023_1.jpg,1
DJI01023_2.jpg,1
DJI01023_3.jpg,1
DJI01024_0.jpg,1
DJI01024_2.jpg,1
DJI01025_0.jpg,1
DJI01025_2.jpg,1
DJI01026_0.jpg,1
DJI01026_2.jpg,1
DJI00901_0.jpg,0
DJI00901_3.jpg,0
DJI00902_0.jpg,0
DJI00902_3.jpg,0
DJI00903_1.jpg,0
DJI00903_3.jpg,0
DJI00904_1.jpg,0
DJI00904_3.jpg,0
DJI00905_0.jpg,0
DJI00905_1.jpg,0
DJI00906_0.jpg,0
DJI00907_0.jpg,0
DJI00909_2.jpg,0
DJI00910_2.jpg,0
DJI00910_3.jpg,0
DJI00911_2.jpg,0
DJI00911_3.jpg,0
DJI00912_2.jpg,0
DJI00912_3.jpg,0
DJI00913_0.jpg,0
DJI00913_2.jpg,0
DJI00913_3.jpg,0
DJI00914_0.jpg,0
DJI00914_2.jpg,0
DJI00915_0.jpg,0
DJI00915_2.jpg,0
DJI00916_0.jpg,0
DJI00916_2.jpg,0
DJI00917_0.jpg,0
DJI00917_2.jpg,0
DJI00917_3.jpg,0
DJI00918_0.jpg,0
DJI00918_2.jpg,0
DJI00918_3.jpg,0
DJI00919_0.jpg,0
DJI00919_2.jpg,0
DJI00919_3.jpg,0
DJI00920_0.jpg,0
DJI00920_2.jpg,0
DJI00921_0.jpg,0
DJI00921_1.jpg,0
DJI00922_2.jpg,0
DJI00923_2.jpg,0
DJI00924_2.jpg,0
DJI00925_2.jpg,0
DJI00927_2.jpg,0
DJI00928_2.jpg,0
DJI00929_2.jpg,0
DJI00929_3.jpg,0
DJI00930_3.jpg,0
DJI00931_1.jpg,0
DJI00931_3.jpg,0
DJI00932_2.jpg,0
DJI00933_2.jpg,0
DJI00934_2.jpg,0
DJI00935_2.jpg,0
DJI00936_2.jpg,0
DJI00936_3.jpg,0
DJI00937_0.jpg,0
DJI00937_2.jpg,0
DJI00937_3.jpg,0
DJI00938_0.jpg,0
DJI00938_2.jpg,0
DJI00938_3.jpg,0
DJI00939_0.jpg,0
DJI00939_2.jpg,0
DJI00939_3.jpg,0
DJI00940_2.jpg,0
DJI00940_3.jpg,0
DJI00941_0.jpg,0
DJI00941_2.jpg,0
DJI00941_3.jpg,0
DJI00942_1.jpg,0
DJI00942_3.jpg,0
DJI00943_1.jpg,0
DJI00943_3.jpg,0
DJI00944_1.jpg,0
DJI00944_3.jpg,0
DJI00945_1.jpg,0
DJI00945_3.jpg,0
DJI00946_1.jpg,0
DJI00947_1.jpg,0
DJI00961_0.jpg,0
DJI00962_3.jpg,0
DJI00963_1.jpg,0
DJI00963_2.jpg,0
DJI00963_3.jpg,0
DJI00964_1.jpg,0
DJI00964_2.jpg,0
DJI00964_3.jpg,0
DJI00965_1.jpg,0
DJI00965_3.jpg,0
DJI00967_1.jpg,0
DJI00967_3.jpg,0
DJI00968_1.jpg,0
DJI00968_3.jpg,0
DJI00969_1.jpg,0
DJI00973_3.jpg,0
DJI00974_3.jpg,0
DJI00975_3.jpg,0
DJI00976_3.jpg,0
DJI00977_3.jpg,0
DJI00978_2.jpg,0
DJI00978_3.jpg,0
DJI00979_2.jpg,0
DJI00980_2.jpg,0
DJI00980_3.jpg,0
DJI00981_2.jpg,0
DJI00981_3.jpg,0
DJI00982_2.jpg,0
DJI00982_3.jpg,0
DJI00983_0.jpg,0
DJI00983_2.jpg,0
DJI00983_3.jpg,0
DJI00984_0.jpg,0
DJI00984_2.jpg,0
DJI00984_3.jpg,0
DJI00985_0.jpg,0
DJI00985_1.jpg,0
DJI00985_3.jpg,0
DJI00986_0.jpg,0
DJI00986_1.jpg,0
DJI00987_1.jpg,0
DJI00988_3.jpg,0
DJI00989_0.jpg,0
DJI00989_3.jpg,0
DJI00990_0.jpg,0
DJI00990_3.jpg,0
DJI00991_0.jpg,0
DJI00991_3.jpg,0
DJI00992_0.jpg,0
DJI00992_1.jpg,0
DJI00992_3.jpg,0
DJI00993_1.jpg,0
DJI00993_3.jpg,0
DJI00994_0.jpg,0
DJI00994_3.jpg,0
DJI00995_2.jpg,0
DJI00995_3.jpg,0
DJI00996_0.jpg,0
DJI00996_1.jpg,0
DJI00996_3.jpg,0
DJI00997_0.jpg,0
DJI00997_1.jpg,0
DJI00997_2.jpg,0
DJI00997_3.jpg,0
DJI00998_0.jpg,0
DJI00999_0.jpg,0
DJI00999_1.jpg,0
DJI01000_2.jpg,0
DJI01001_1.jpg,0
DJI01001_2.jpg,0
DJI01002_1.jpg,0
DJI01002_2.jpg,0
DJI01002_3.jpg,0
DJI01003_0.jpg,0
DJI01003_3.jpg,0
DJI01004_0.jpg,0
DJI01004_1.jpg,0
DJI01004_3.jpg,0
DJI01005_0.jpg,0
DJI01005_1.jpg,0
DJI01005_3.jpg,0
DJI01006_0.jpg,0
DJI01006_1.jpg,0
DJI01006_3.jpg,0
DJI01007_0.jpg,0
DJI01007_1.jpg,0
DJI01007_3.jpg,0
DJI01008_0.jpg,0
DJI01008_1.jpg,0
DJI01008_3.jpg,0
DJI01009_1.jpg,0
DJI01009_3.jpg,0
DJI01010_1.jpg,0
DJI01011_1.jpg,0
DJI01012_1.jpg,0
DJI01012_3.jpg,0
DJI01013_1.jpg,0
DJI01015_0.jpg,0
DJI01015_2.jpg,0
DJI01016_1.jpg,0
DJI01017_0.jpg,0
DJI01017_1.jpg,0
DJI01018_0.jpg,0
DJI01018_1.jpg,0
DJI01019_0.jpg,0
DJI01019_1.jpg,0
DJI01019_3.jpg,0
DJI01020_1.jpg,0
DJI01020_3.jpg,0
DJI01022_1.jpg,0
DJI01022_3.jpg,0
DJI01024_1.jpg,0
DJI01024_3.jpg,0
DJI01025_1.jpg,0
DJI01025_3.jpg,0
DJI01026_1.jpg,0
DJI01026_3.jpg,0
DJI01093_0.jpg,1
DJI01093_1.jpg,1
DJI01093_2.jpg,1
DJI01093_3.jpg,1
DJI01094_0.jpg,1
DJI01094_1.jpg,1
DJI01094_2.jpg,1
DJI01094_3.jpg,1
DJI01095_0.jpg,1
DJI01095_1.jpg,1
DJI01095_2.jpg,1
DJI01095_3.jpg,1
DJI01096_0.jpg,1
DJI01096_1.jpg,1
DJI01096_2.jpg,1
DJI01096_3.jpg,1
DJI01097_0.jpg,1
DJI01097_1.jpg,1
DJI01097_2.jpg,1
DJI01097_3.jpg,1
DJI01098_0.jpg,1
DJI01098_1.jpg,1
DJI01098_2.jpg,1
DJI01098_3.jpg,1
DJI01099_0.jpg,1
DJI01099_1.jpg,1
DJI01099_3.jpg,1
DJI01100_0.jpg,1
DJI01100_1.jpg,1
DJI01100_2.jpg,1
DJI01100_3.jpg,1
DJI01101_0.jpg,1
DJI01101_1.jpg,1
DJI01101_2.jpg,1
DJI01101_3.jpg,1
DJI01102_0.jpg,1
DJI01102_1.jpg,1
DJI01102_2.jpg,1
DJI01102_3.jpg,1
DJI01103_0.jpg,1
DJI01103_1.jpg,1
DJI01103_2.jpg,1
DJI01103_3.jpg,1
DJI01104_0.jpg,1
DJI01104_1.jpg,1
DJI01104_2.jpg,1
DJI01104_3.jpg,1
DJI01105_0.jpg,1
DJI01105_1.jpg,1
DJI01105_3.jpg,1
DJI01106_1.jpg,1
DJI01106_3.jpg,1
DJI01109_0.jpg,1
DJI01109_1.jpg,1
DJI01109_2.jpg,1
DJI01110_0.jpg,1
DJI01110_1.jpg,1
DJI01110_2.jpg,1
DJI01110_3.jpg,1
DJI01111_0.jpg,1
DJI01111_1.jpg,1
DJI01111_2.jpg,1
DJI01112_0.jpg,1
DJI01112_1.jpg,1
DJI01112_2.jpg,1
DJI01113_1.jpg,1
DJI01113_2.jpg,1
DJI01113_3.jpg,1
DJI01114_1.jpg,1
DJI01114_3.jpg,1
DJI01115_1.jpg,1
DJI01115_3.jpg,1
DJI01116_0.jpg,1
DJI01116_1.jpg,1
DJI01116_2.jpg,1
DJI01099_2.jpg,0
DJI01105_2.jpg,0
DJI01106_0.jpg,0
DJI01106_2.jpg,0
DJI01107_0.jpg,0
DJI01107_1.jpg,0
DJI01107_2.jpg,0
DJI01107_3.jpg,0
DJI01108_0.jpg,0
DJI01108_1.jpg,0
DJI01108_2.jpg,0
DJI01108_3.jpg,0
DJI01109_3.jpg,0
DJI01111_3.jpg,0
DJI01112_3.jpg,0
DJI01113_0.jpg,0
DJI01114_0.jpg,0
DJI01114_2.jpg,0
DJI01115_0.jpg,0
DJI01115_2.jpg,0
DJI01116_3.jpg,0
DJI00175_0.jpg,1
DJI00175_1.jpg,1
DJI00175_2.jpg,1
DJI00175_3.jpg,1
DJI00178_0.jpg,1
DJI00178_2.jpg,1
DJI00179_0.jpg,1
DJI00179_1.jpg,1
DJI00179_2.jpg,1
DJI00179_3.jpg,1
DJI00181_0.jpg,1
DJI00181_1.jpg,1
DJI00181_2.jpg,1
DJI00182_0.jpg,1
DJI00182_1.jpg,1
DJI00182_2.jpg,1
DJI00183_0.jpg,1
DJI00185_0.jpg,1
DJI00185_1.jpg,1
DJI00185_2.jpg,1
DJI00186_0.jpg,1
DJI00186_2.jpg,1
DJI00188_1.jpg,1
DJI00188_2.jpg,1
DJI00188_3.jpg,1
DJI00189_1.jpg,1
DJI00189_2.jpg,1
DJI00189_3.jpg,1
DJI00190_0.jpg,1
DJI00190_2.jpg,1
DJI00190_3.jpg,1
DJI00192_0.jpg,1
DJI00192_2.jpg,1
DJI00193_0.jpg,1
DJI00193_2.jpg,1
DJI00195_0.jpg,1
DJI00195_2.jpg,1
DJI00196_0.jpg,1
DJI00196_2.jpg,1
DJI00198_0.jpg,1
DJI00198_2.jpg,1
DJI00178_1.jpg,0
DJI00178_3.jpg,0
DJI00181_3.jpg,0
DJI00182_3.jpg,0
DJI00183_1.jpg,0
DJI00183_2.jpg,0
DJI00183_3.jpg,0
DJI00185_3.jpg,0
DJI00186_1.jpg,0
DJI00186_3.jpg,0
DJI00188_0.jpg,0
DJI00189_0.jpg,0
DJI00190_1.jpg,0
DJI00192_1.jpg,0
DJI00192_3.jpg,0
DJI00193_1.jpg,0
DJI00193_3.jpg,0
DJI00195_1.jpg,0
DJI00195_3.jpg,0
DJI00196_1.jpg,0
DJI00196_3.jpg,0
DJI00198_1.jpg,0
DJI00198_3.jpg,0
DJI00151_0.jpg,1
DJI00151_2.jpg,1
DJI00152_0.jpg,1
DJI00152_2.jpg,1
DJI00153_0.jpg,1
DJI00153_1.jpg,1
DJI00153_2.jpg,1
DJI00153_3.jpg,1
DJI00154_0.jpg,1
DJI00154_1.jpg,1
DJI00154_3.jpg,1
DJI00155_0.jpg,1
DJI00155_1.jpg,1
DJI00155_2.jpg,1
DJI00155_3.jpg,1
DJI00156_0.jpg,1
DJI00156_2.jpg,1
DJI00156_3.jpg,1
DJI00157_0.jpg,1
DJI00157_2.jpg,1
DJI00157_3.jpg,1
DJI00158_0.jpg,1
DJI00158_2.jpg,1
DJI00159_0.jpg,1
DJI00159_1.jpg,1
DJI00159_2.jpg,1
DJI00159_3.jpg,1
DJI00160_0.jpg,1
DJI00160_1.jpg,1
DJI00160_2.jpg,1
DJI00160_3.jpg,1
DJI00161_0.jpg,1
DJI00161_3.jpg,1
DJI00162_0.jpg,1
DJI00162_2.jpg,1
DJI00163_0.jpg,1
DJI00163_1.jpg,1
DJI00163_2.jpg,1
DJI00163_3.jpg,1
DJI00164_0.jpg,1
DJI00164_1.jpg,1
DJI00165_0.jpg,1
DJI00165_1.jpg,1
DJI00165_2.jpg,1
DJI00166_0.jpg,1
DJI00166_1.jpg,1
DJI00166_2.jpg,1
DJI00167_0.jpg,1
DJI00167_1.jpg,1
DJI00167_2.jpg,1
DJI00167_3.jpg,1
DJI00168_0.jpg,1
DJI00168_1.jpg,1
DJI00168_2.jpg,1
DJI00168_3.jpg,1
DJI00169_0.jpg,1
DJI00169_1.jpg,1
DJI00169_2.jpg,1
DJI00169_3.jpg,1
DJI00171_0.jpg,1
DJI00171_1.jpg,1
DJI00171_2.jpg,1
DJI00172_0.jpg,1
DJI00172_2.jpg,1
DJI00173_0.jpg,1
DJI00173_2.jpg,1
DJI00151_1.jpg,0
DJI00151_3.jpg,0
DJI00152_1.jpg,0
DJI00152_3.jpg,0
DJI00154_2.jpg,0
DJI00156_1.jpg,0
DJI00157_1.jpg,0
DJI00158_1.jpg,0
DJI00158_3.jpg,0
DJI00161_1.jpg,0
DJI00161_2.jpg,0
DJI00162_1.jpg,0
DJI00162_3.jpg,0
DJI00164_2.jpg,0
DJI00164_3.jpg,0
DJI00165_3.jpg,0
DJI00166_3.jpg,0
DJI00171_3.jpg,0
DJI00172_1.jpg,0
DJI00172_3.jpg,0
DJI00173_1.jpg,0
DJI00173_3.jpg,0
DJI00202_1.jpg,1
DJI00202_3.jpg,1
DJI00203_0.jpg,1
DJI00203_1.jpg,1
DJI00203_2.jpg,1
DJI00204_0.jpg,1
DJI00204_1.jpg,1
DJI00204_2.jpg,1
DJI00206_0.jpg,1
DJI00206_2.jpg,1
DJI00202_0.jpg,0
DJI00202_2.jpg,0
DJI00203_3.jpg,0
DJI00204_3.jpg,0
DJI00206_1.jpg,0
DJI00206_3.jpg,0
DJI00122_0.jpg,1
DJI00122_1.jpg,1
DJI00122_2.jpg,1
DJI00123_1.jpg,1
DJI00123_2.jpg,1
DJI00123_3.jpg,1
DJI00124_3.jpg,1
DJI00125_1.jpg,1
DJI00125_3.jpg,1
DJI00126_1.jpg,1
DJI00126_3.jpg,1
DJI00129_1.jpg,1
DJI00130_0.jpg,1
DJI00130_1.jpg,1
DJI00130_3.jpg,1
DJI00132_1.jpg,1
DJI00136_1.jpg,1
DJI00136_2.jpg,1
DJI00137_0.jpg,1
DJI00145_0.jpg,1
DJI00145_2.jpg,1
DJI00148_0.jpg,1
DJI00148_2.jpg,1
DJI00122_3.jpg,0
DJI00123_0.jpg,0
DJI00124_0.jpg,0
DJI00124_1.jpg,0
DJI00124_2.jpg,0
DJI00125_0.jpg,0
DJI00125_2.jpg,0
DJI00126_0.jpg,0
DJI00126_2.jpg,0
DJI00127_0.jpg,0
DJI00127_1.jpg,0
DJI00127_2.jpg,0
DJI00127_3.jpg,0
DJI00129_0.jpg,0
DJI00129_2.jpg,0
DJI00129_3.jpg,0
DJI00130_2.jpg,0
DJI00132_0.jpg,0
DJI00132_2.jpg,0
DJI00132_3.jpg,0
DJI00133_0.jpg,0
DJI00133_1.jpg,0
DJI00133_2.jpg,0
DJI00133_3.jpg,0
DJI00136_0.jpg,0
DJI00136_3.jpg,0
DJI00137_1.jpg,0
DJI00137_2.jpg,0
DJI00137_3.jpg,0
DJI00138_0.jpg,0
DJI00138_1.jpg,0
DJI00138_2.jpg,0
DJI00138_3.jpg,0
DJI00140_0.jpg,0
DJI00140_1.jpg,0
DJI00140_2.jpg,0
DJI00140_3.jpg,0
DJI00145_1.jpg,0
DJI00145_3.jpg,0
DJI00148_1.jpg,0
DJI00148_3.jpg,0
DSC_0637_3.jpg,1
DSC_0638_3.jpg,1
DSC_0639_1.jpg,1
DSC_0639_3.jpg,1
DSC_0640_1.jpg,1
DSC_0640_3.jpg,1
DSC_0641_3.jpg,1
DSC_0644_1.jpg,1
DSC_0645_1.jpg,1
DSC_0645_3.jpg,1
DSC_0647_1.jpg,1
DSC_0647_3.jpg,1
DSC_0648_1.jpg,1
DSC_0648_3.jpg,1
DSC_0649_1.jpg,1
DSC_0649_3.jpg,1
DSC_0650_1.jpg,1
DSC_0650_3.jpg,1
DSC_0651_1.jpg,1
DSC_0651_3.jpg,1
DSC_0652_1.jpg,1
DSC_0652_3.jpg,1
DSC_0653_1.jpg,1
DSC_0653_3.jpg,1
DSC_0654_1.jpg,1
DSC_0654_3.jpg,1
DSC_0440_0.jpg,0
DSC_0440_1.jpg,0
DSC_0440_2.jpg,0
DSC_0440_3.jpg,0
DSC_0441_0.jpg,0
DSC_0441_1.jpg,0
DSC_0441_2.jpg,0
DSC_0441_3.jpg,0
DSC_0442_0.jpg,0
DSC_0442_1.jpg,0
DSC_0442_2.jpg,0
DSC_0442_3.jpg,0
DSC_0443_0.jpg,0
DSC_0443_1.jpg,0
DSC_0443_2.jpg,0
DSC_0443_3.jpg,0
DSC_0460_0.jpg,0
DSC_0460_1.jpg,0
DSC_0460_2.jpg,0
DSC_0460_3.jpg,0
DSC_0461_0.jpg,0
DSC_0461_1.jpg,0
DSC_0461_2.jpg,0
DSC_0461_3.jpg,0
DSC_0462_0.jpg,0
DSC_0462_1.jpg,0
DSC_0462_2.jpg,0
DSC_0462_3.jpg,0
DSC_0463_0.jpg,0
DSC_0463_1.jpg,0
DSC_0463_2.jpg,0
DSC_0463_3.jpg,0
DSC_0464_0.jpg,0
DSC_0464_1.jpg,0
DSC_0464_2.jpg,0
DSC_0464_3.jpg,0
DSC_0465_0.jpg,0
DSC_0465_1.jpg,0
DSC_0465_2.jpg,0
DSC_0465_3.jpg,0
DSC_0466_0.jpg,0
DSC_0466_1.jpg,0
DSC_0466_2.jpg,0
DSC_0466_3.jpg,0
DSC_0467_0.jpg,0
DSC_0467_1.jpg,0
DSC_0467_2.jpg,0
DSC_0467_3.jpg,0
DSC_0468_0.jpg,0
DSC_0468_1.jpg,0
DSC_0468_2.jpg,0
DSC_0468_3.jpg,0
DSC_0469_0.jpg,0
DSC_0469_1.jpg,0
DSC_0469_2.jpg,0
DSC_0469_3.jpg,0
DSC_0637_0.jpg,0
DSC_0637_1.jpg,0
DSC_0637_2.jpg,0
DSC_0638_0.jpg,0
DSC_0638_1.jpg,0
DSC_0638_2.jpg,0
DSC_0639_0.jpg,0
DSC_0639_2.jpg,0
DSC_0640_0.jpg,0
DSC_0640_2.jpg,0
DSC_0641_0.jpg,0
DSC_0641_1.jpg,0
DSC_0641_2.jpg,0
DSC_0642_0.jpg,0
DSC_0642_1.jpg,0
DSC_0642_2.jpg,0
DSC_0642_3.jpg,0
DSC_0643_0.jpg,0
DSC_0643_1.jpg,0
DSC_0643_2.jpg,0
DSC_0643_3.jpg,0
DSC_0644_0.jpg,0
DSC_0644_2.jpg,0
DSC_0644_3.jpg,0
DSC_0645_0.jpg,0
DSC_0645_2.jpg,0
DSC_0646_0.jpg,0
DSC_0646_1.jpg,0
DSC_0646_2.jpg,0
DSC_0646_3.jpg,0
DSC_0647_0.jpg,0
DSC_0647_2.jpg,0
DSC_0648_0.jpg,0
DSC_0648_2.jpg,0
DSC_0649_0.jpg,0
DSC_0649_2.jpg,0
DSC_0650_0.jpg,0
DSC_0650_2.jpg,0
DSC_0651_0.jpg,0
DSC_0651_2.jpg,0
DSC_0652_0.jpg,0
DSC_0652_2.jpg,0
DSC_0653_0.jpg,0
DSC_0653_2.jpg,0
DSC_0654_0.jpg,0
DSC_0654_2.jpg,0
DSC_0013_0.jpg,1
DSC_0014_0.jpg,1
DSC_0014_1.jpg,1
DSC_0014_2.jpg,1
DSC_0015_2.jpg,1
DSC_0015_3.jpg,1
DSC_0016_0.jpg,1
DSC_0016_1.jpg,1
DSC_0017_1.jpg,1
DSC_0018_2.jpg,1
DSC_0019_2.jpg,1
DSC_0020_0.jpg,1
DSC_0020_1.jpg,1
DSC_0021_2.jpg,1
DSC_0021_3.jpg,1
DSC_0022_2.jpg,1
DSC_0022_3.jpg,1
DSC_0023_2.jpg,1
DSC_0023_3.jpg,1
DSC_0024_2.jpg,1
DSC_0024_3.jpg,1
DSC_0025_2.jpg,1
DSC_0025_3.jpg,1
DSC_0026_2.jpg,1
DSC_0026_3.jpg,1
DSC_0027_0.jpg,1
DSC_0027_1.jpg,1
DSC_0027_2.jpg,1
DSC_0027_3.jpg,1
DSC_0028_0.jpg,1
DSC_0028_1.jpg,1
DSC_0028_2.jpg,1
DSC_0028_3.jpg,1
DSC_0029_0.jpg,1
DSC_0029_1.jpg,1
DSC_0029_2.jpg,1
DSC_0029_3.jpg,1
DSC_0030_0.jpg,1
DSC_0030_1.jpg,1
DSC_0030_2.jpg,1
DSC_0030_3.jpg,1
DSC_0031_0.jpg,1
DSC_0031_1.jpg,1
DSC_0031_2.jpg,1
DSC_0031_3.jpg,1
DSC_0032_0.jpg,1
DSC_0032_1.jpg,1
DSC_0032_2.jpg,1
DSC_0033_0.jpg,1
DSC_0033_1.jpg,1
DSC_0033_2.jpg,1
DSC_0033_3.jpg,1
DSC_0034_0.jpg,1
DSC_0034_1.jpg,1
DSC_0034_2.jpg,1
DSC_0034_3.jpg,1
DSC_0035_0.jpg,1
DSC_0035_1.jpg,1
DSC_0036_0.jpg,1
DSC_0036_1.jpg,1
DSC_0036_2.jpg,1
DSC_0037_0.jpg,1
DSC_0037_1.jpg,1
DSC_0037_2.jpg,1
DSC_0038_0.jpg,1
DSC_0038_1.jpg,1
DSC_0038_2.jpg,1
DSC_0038_3.jpg,1
DSC_0039_0.jpg,1
DSC_0039_1.jpg,1
DSC_0039_2.jpg,1
DSC_0039_3.jpg,1
DSC_0040_0.jpg,1
DSC_0040_1.jpg,1
DSC_0040_2.jpg,1
DSC_0040_3.jpg,1
DSC_0041_0.jpg,1
DSC_0041_1.jpg,1
DSC_0041_2.jpg,1
DSC_0041_3.jpg,1
DSC_0042_0.jpg,1
DSC_0042_1.jpg,1
DSC_0042_2.jpg,1
DSC_0042_3.jpg,1
DSC_0043_1.jpg,1
DSC_0043_3.jpg,1
DSC_0044_2.jpg,1
DSC_0044_3.jpg,1
DSC_0045_0.jpg,1
DSC_0045_1.jpg,1
DSC_0045_2.jpg,1
DSC_0045_3.jpg,1
DSC_0046_0.jpg,1
DSC_0046_1.jpg,1
DSC_0046_2.jpg,1
DSC_0046_3.jpg,1
DSC_0047_0.jpg,1
DSC_0047_1.jpg,1
DSC_0047_2.jpg,1
DSC_0047_3.jpg,1
DSC_0048_0.jpg,1
DSC_0048_1.jpg,1
DSC_0048_2.jpg,1
DSC_0048_3.jpg,1
DSC_0049_0.jpg,1
DSC_0049_1.jpg,1
DSC_0049_2.jpg,1
DSC_0049_3.jpg,1
DSC_0050_1.jpg,1
DSC_0050_3.jpg,1
DSC_0051_0.jpg,1
DSC_0051_1.jpg,1
DSC_0051_3.jpg,1
DSC_0052_0.jpg,1
DSC_0052_1.jpg,1
DSC_0052_2.jpg,1
DSC_0052_3.jpg,1
DSC_0053_0.jpg,1
DSC_0053_1.jpg,1
DSC_0053_2.jpg,1
DSC_0053_3.jpg,1
DSC_0054_0.jpg,1
DSC_0054_1.jpg,1
DSC_0054_2.jpg,1
DSC_0054_3.jpg,1
DSC_0055_0.jpg,1
DSC_0055_1.jpg,1
DSC_0055_2.jpg,1
DSC_0055_3.jpg,1
DSC_0056_0.jpg,1
DSC_0056_1.jpg,1
DSC_0056_2.jpg,1
DSC_0056_3.jpg,1
DSC_0057_0.jpg,1
DSC_0057_1.jpg,1
DSC_0057_2.jpg,1
DSC_0057_3.jpg,1
DSC_0058_0.jpg,1
DSC_0058_1.jpg,1
DSC_0058_2.jpg,1
DSC_0058_3.jpg,1
DSC_0059_0.jpg,1
DSC_0059_1.jpg,1
DSC_0059_2.jpg,1
DSC_0059_3.jpg,1
DSC_0060_0.jpg,1
DSC_0060_1.jpg,1
DSC_0060_2.jpg,1
DSC_0060_3.jpg,1
DSC_0061_0.jpg,1
DSC_0061_1.jpg,1
DSC_0061_2.jpg,1
DSC_0061_3.jpg,1
DSC_0062_0.jpg,1
DSC_0062_1.jpg,1
DSC_0062_2.jpg,1
DSC_0062_3.jpg,1
DSC_0063_1.jpg,1
DSC_0063_3.jpg,1
DSC_0064_0.jpg,1
DSC_0064_1.jpg,1
DSC_0064_3.jpg,1
DSC_0065_0.jpg,1
DSC_0065_1.jpg,1
DSC_0065_3.jpg,1
DSC_0066_0.jpg,1
DSC_0066_1.jpg,1
DSC_0066_2.jpg,1
DSC_0066_3.jpg,1
DSC_0067_0.jpg,1
DSC_0067_1.jpg,1
DSC_0067_2.jpg,1
DSC_0067_3.jpg,1
DSC_0068_0.jpg,1
DSC_0068_1.jpg,1
DSC_0068_2.jpg,1
DSC_0068_3.jpg,1
DSC_0069_0.jpg,1
DSC_0069_1.jpg,1
DSC_0069_2.jpg,1
DSC_0069_3.jpg,1
DSC_0070_0.jpg,1
DSC_0070_1.jpg,1
DSC_0070_2.jpg,1
DSC_0070_3.jpg,1
DSC_0071_0.jpg,1
DSC_0071_1.jpg,1
DSC_0071_2.jpg,1
DSC_0071_3.jpg,1
DSC_0072_0.jpg,1
DSC_0072_1.jpg,1
DSC_0072_2.jpg,1
DSC_0072_3.jpg,1
DSC_0073_0.jpg,1
DSC_0073_1.jpg,1
DSC_0073_2.jpg,1
DSC_0073_3.jpg,1
DSC_0074_0.jpg,1
DSC_0074_1.jpg,1
DSC_0074_2.jpg,1
DSC_0074_3.jpg,1
DSC_0075_0.jpg,1
DSC_0075_1.jpg,1
DSC_0075_2.jpg,1
DSC_0075_3.jpg,1
DSC_0076_0.jpg,1
DSC_0076_1.jpg,1
DSC_0076_2.jpg,1
DSC_0076_3.jpg,1
DSC_0077_0.jpg,1
DSC_0077_2.jpg,1
DSC_0078_0.jpg,1
DSC_0078_2.jpg,1
DSC_0079_0.jpg,1
DSC_0079_2.jpg,1
DSC_0013_1.jpg,0
DSC_0013_2.jpg,0
DSC_0013_3.jpg,0
DSC_0014_3.jpg,0
DSC_0015_0.jpg,0
DSC_0015_1.jpg,0
DSC_0016_2.jpg,0
DSC_0016_3.jpg,0
DSC_0017_0.jpg,0
DSC_0017_2.jpg,0
DSC_0017_3.jpg,0
DSC_0018_0.jpg,0
DSC_0018_1.jpg,0
DSC_0018_3.jpg,0
DSC_0019_0.jpg,0
DSC_0019_1.jpg,0
DSC_0019_3.jpg,0
DSC_0020_2.jpg,0
DSC_0020_3.jpg,0
DSC_0021_0.jpg,0
DSC_0021_1.jpg,0
DSC_0022_0.jpg,0
DSC_0022_1.jpg,0
DSC_0023_0.jpg,0
DSC_0023_1.jpg,0
DSC_0024_0.jpg,0
DSC_0024_1.jpg,0
DSC_0025_0.jpg,0
DSC_0025_1.jpg,0
DSC_0026_0.jpg,0
DSC_0026_1.jpg,0
DSC_0032_3.jpg,0
DSC_0035_2.jpg,0
DSC_0035_3.jpg,0
DSC_0036_3.jpg,0
DSC_0037_3.jpg,0
DSC_0043_0.jpg,0
DSC_0043_2.jpg,0
DSC_0044_0.jpg,0
DSC_0044_1.jpg,0
DSC_0050_0.jpg,0
DSC_0050_2.jpg,0
DSC_0051_2.jpg,0
DSC_0063_0.jpg,0
DSC_0063_2.jpg,0
DSC_0064_2.jpg,0
DSC_0065_2.jpg,0
DSC_0077_1.jpg,0
DSC_0077_3.jpg,0
DSC_0078_1.jpg,0
DSC_0078_3.jpg,0
DSC_0079_1.jpg,0
DSC_0079_3.jpg,0
DSC_0001_0.jpg,0
DSC_0001_1.jpg,0
DSC_0001_2.jpg,0
DSC_0001_3.jpg,0
DSC_0002_0.jpg,0
DSC_0002_1.jpg,0
DSC_0002_2.jpg,0
DSC_0002_3.jpg,0
DSC_0003_0.jpg,0
DSC_0003_1.jpg,0
DSC_0003_2.jpg,0
DSC_0003_3.jpg,0
DSC_0004_0.jpg,0
DSC_0004_1.jpg,0
DSC_0004_2.jpg,0
DSC_0004_3.jpg,0
DSC_0005_0.jpg,0
DSC_0005_1.jpg,0
DSC_0005_2.jpg,0
DSC_0005_3.jpg,0
DSC_0006_0.jpg,0
DSC_0006_1.jpg,0
DSC_0006_2.jpg,0
DSC_0006_3.jpg,0
DSC_0350_0.jpg,0
DSC_0350_1.jpg,0
DSC_0350_2.jpg,0
DSC_0350_3.jpg,0
59KKA1536_3_oblique_01042015_1133_ (1)_0.jpg,1
59KKA1536_3_oblique_01042015_1133_ (1)_2.jpg,1
59KKA1536_3_oblique_01042015_1133_ (2)_0.jpg,1
59KKA1536_3_oblique_01042015_1133_ (2)_2.jpg,1
59KKA1536_3_oblique_01042015_1133_ (3)_0.jpg,1
59KKA1536_3_oblique_01042015_1133_ (3)_2.jpg,1
59KKA1536_3_oblique_01042015_1133_ (4)_0.jpg,1
59KKA1536_3_oblique_01042015_1133_ (4)_2.jpg,1
59KKA1536_3_oblique_01042015_1133_ (4)_3.jpg,1
59KKA1536_3_oblique_01042015_1133_ (5)_0.jpg,1
59KKA1536_3_oblique_01042015_1133_ (5)_2.jpg,1
59KKA1536_3_oblique_01042015_1133_ (5)_3.jpg,1
59KKA1536_3_oblique_01042015_1133_ (6)_0.jpg,1
59KKA1536_3_oblique_01042015_1133_ (6)_2.jpg,1
59KKA1536_3_oblique_01042015_1133_ (6)_3.jpg,1
59KKA1536_3_oblique_01042015_1133_ (7)_2.jpg,1
59KKA1536_3_oblique_01042015_1133_ (7)_3.jpg,1
59KKA1536_3_oblique_01042015_1133_ (8)_0.jpg,1
59KKA1536_3_oblique_01042015_1133_ (8)_1.jpg,1
59KKA1536_3_oblique_01042015_1133_ (9)_0.jpg,1
59KKA1536_3_oblique_01042015_1133_ (9)_1.jpg,1
59KKA1536_3_oblique_01042015_1133_ (9)_2.jpg,1
59KKA1536_3_oblique_01042015_1133_ (1)_1.jpg,0
59KKA1536_3_oblique_01042015_1133_ (1)_3.jpg,0
59KKA1536_3_oblique_01042015_1133_ (10)_0.jpg,0
59KKA1536_3_oblique_01042015_1133_ (10)_1.jpg,0
59KKA1536_3_oblique_01042015_1133_ (10)_2.jpg,0
59KKA1536_3_oblique_01042015_1133_ (10)_3.jpg,0
59KKA1536_3_oblique_01042015_1133_ (2)_1.jpg,0
59KKA1536_3_oblique_01042015_1133_ (2)_3.jpg,0
59KKA1536_3_oblique_01042015_1133_ (3)_1.jpg,0
59KKA1536_3_oblique_01042015_1133_ (3)_3.jpg,0
59KKA1536_3_oblique_01042015_1133_ (4)_1.jpg,0
59KKA1536_3_oblique_01042015_1133_ (5)_1.jpg,0
59KKA1536_3_oblique_01042015_1133_ (6)_1.jpg,0
59KKA1536_3_oblique_01042015_1133_ (7)_0.jpg,0
59KKA1536_3_oblique_01042015_1133_ (7)_1.jpg,0
59KKA1536_3_oblique_01042015_1133_ (8)_2.jpg,0
59KKA1536_3_oblique_01042015_1133_ (8)_3.jpg,0
59KKA1536_3_oblique_01042015_1133_ (9)_3.jpg,0
DSC_0006_0.jpg,1
DSC_0006_2.jpg,1
DSC_0007_0.jpg,1
DSC_0007_2.jpg,1
DSC_0008_0.jpg,1
DSC_0008_2.jpg,1
DSC_0009_0.jpg,1
DSC_0009_2.jpg,1
DSC_0010_0.jpg,1
DSC_0010_2.jpg,1
DSC_0011_0.jpg,1
DSC_0011_2.jpg,1
DSC_0027_0.jpg,1
DSC_0027_2.jpg,1
DSC_0028_0.jpg,1
DSC_0028_2.jpg,1
DSC_0028_3.jpg,1
DSC_0029_0.jpg,1
DSC_0029_1.jpg,1
DSC_0029_2.jpg,1
DSC_0029_3.jpg,1
DSC_0030_0.jpg,1
DSC_0030_1.jpg,1
DSC_0030_2.jpg,1
DSC_0030_3.jpg,1
DSC_0031_0.jpg,1
DSC_0031_1.jpg,1
DSC_0031_2.jpg,1
DSC_0031_3.jpg,1
DSC_0032_0.jpg,1
DSC_0032_2.jpg,1
DSC_0032_3.jpg,1
DSC_0033_0.jpg,1
DSC_0033_1.jpg,1
DSC_0033_2.jpg,1
DSC_0033_3.jpg,1
DSC_0034_0.jpg,1
DSC_0034_1.jpg,1
DSC_0034_2.jpg,1
DSC_0034_3.jpg,1
DSC_0035_0.jpg,1
DSC_0035_1.jpg,1
DSC_0035_2.jpg,1
DSC_0035_3.jpg,1
DSC_0036_0.jpg,1
DSC_0036_1.jpg,1
DSC_0036_2.jpg,1
DSC_0036_3.jpg,1
DSC_0037_0.jpg,1
DSC_0037_1.jpg,1
DSC_0037_2.jpg,1
DSC_0037_3.jpg,1
DSC_0038_0.jpg,1
DSC_0038_1.jpg,1
DSC_0038_2.jpg,1
DSC_0038_3.jpg,1
DSC_0039_0.jpg,1
DSC_0039_1.jpg,1
DSC_0039_2.jpg,1
DSC_0039_3.jpg,1
DSC_0040_0.jpg,1
DSC_0040_1.jpg,1
DSC_0040_2.jpg,1
DSC_0040_3.jpg,1
DSC_0041_0.jpg,1
DSC_0041_1.jpg,1
DSC_0041_2.jpg,1
DSC_0042_0.jpg,1
DSC_0042_1.jpg,1
DSC_0042_2.jpg,1
DSC_0043_0.jpg,1
DSC_0043_1.jpg,1
DSC_0043_2.jpg,1
DSC_0043_3.jpg,1
DSC_0044_0.jpg,1
DSC_0044_1.jpg,1
DSC_0044_2.jpg,1
DSC_0044_3.jpg,1
DSC_0045_0.jpg,1
DSC_0045_1.jpg,1
DSC_0045_2.jpg,1
DSC_0045_3.jpg,1
DSC_0046_0.jpg,1
DSC_0046_1.jpg,1
DSC_0046_2.jpg,1
DSC_0046_3.jpg,1
DSC_0047_0.jpg,1
DSC_0047_1.jpg,1
DSC_0047_2.jpg,1
DSC_0047_3.jpg,1
DSC_0048_0.jpg,1
DSC_0048_1.jpg,1
DSC_0048_2.jpg,1
DSC_0048_3.jpg,1
DSC_0049_0.jpg,1
DSC_0049_1.jpg,1
DSC_0049_2.jpg,1
DSC_0050_0.jpg,1
DSC_0050_2.jpg,1
DSC_0050_3.jpg,1
DSC_0051_0.jpg,1
DSC_0051_1.jpg,1
DSC_0051_2.jpg,1
DSC_0051_3.jpg,1
DSC_0052_0.jpg,1
DSC_0052_1.jpg,1
DSC_0052_2.jpg,1
DSC_0052_3.jpg,1
DSC_0053_0.jpg,1
DSC_0053_1.jpg,1
DSC_0053_2.jpg,1
DSC_0053_3.jpg,1
DSC_0054_0.jpg,1
DSC_0054_1.jpg,1
DSC_0054_2.jpg,1
DSC_0054_3.jpg,1
DSC_0055_0.jpg,1
DSC_0055_1.jpg,1
DSC_0055_2.jpg,1
DSC_0055_3.jpg,1
DSC_0056_0.jpg,1
DSC_0056_1.jpg,1
DSC_0056_2.jpg,1
DSC_0056_3.jpg,1
DSC_0057_0.jpg,1
DSC_0057_1.jpg,1
DSC_0057_2.jpg,1
DSC_0057_3.jpg,1
DSC_0058_0.jpg,1
DSC_0058_1.jpg,1
DSC_0058_2.jpg,1
DSC_0058_3.jpg,1
DSC_0059_0.jpg,1
DSC_0059_1.jpg,1
DSC_0059_2.jpg,1
DSC_0059_3.jpg,1
DSC_0060_0.jpg,1
DSC_0060_1.jpg,1
DSC_0060_2.jpg,1
DSC_0060_3.jpg,1
DSC_0061_0.jpg,1
DSC_0061_1.jpg,1
DSC_0061_2.jpg,1
DSC_0061_3.jpg,1
DSC_0062_0.jpg,1
DSC_0062_1.jpg,1
DSC_0062_2.jpg,1
DSC_0062_3.jpg,1
DSC_0063_0.jpg,1
DSC_0063_1.jpg,1
DSC_0063_2.jpg,1
DSC_0063_3.jpg,1
DSC_0064_0.jpg,1
DSC_0064_1.jpg,1
DSC_0064_2.jpg,1
DSC_0064_3.jpg,1
DSC_0065_0.jpg,1
DSC_0065_1.jpg,1
DSC_0065_2.jpg,1
DSC_0065_3.jpg,1
DSC_0066_0.jpg,1
DSC_0066_1.jpg,1
DSC_0066_2.jpg,1
DSC_0066_3.jpg,1
DSC_0067_0.jpg,1
DSC_0067_1.jpg,1
DSC_0067_2.jpg,1
DSC_0067_3.jpg,1
DSC_0068_0.jpg,1
DSC_0068_1.jpg,1
DSC_0068_2.jpg,1
DSC_0068_3.jpg,1
DSC_0069_0.jpg,1
DSC_0069_1.jpg,1
DSC_0069_2.jpg,1
DSC_0069_3.jpg,1
DSC_0070_0.jpg,1
DSC_0070_1.jpg,1
DSC_0070_2.jpg,1
DSC_0070_3.jpg,1
DSC_0071_0.jpg,1
DSC_0071_1.jpg,1
DSC_0071_2.jpg,1
DSC_0071_3.jpg,1
DSC_0072_0.jpg,1
DSC_0072_1.jpg,1
DSC_0072_2.jpg,1
DSC_0072_3.jpg,1
DSC_0073_0.jpg,1
DSC_0073_1.jpg,1
DSC_0073_2.jpg,1
DSC_0073_3.jpg,1
DSC_0074_0.jpg,1
DSC_0074_1.jpg,1
DSC_0074_2.jpg,1
DSC_0074_3.jpg,1
DSC_0075_0.jpg,1
DSC_0075_1.jpg,1
DSC_0075_2.jpg,1
DSC_0075_3.jpg,1
DSC_0076_0.jpg,1
DSC_0076_1.jpg,1
DSC_0076_2.jpg,1
DSC_0076_3.jpg,1
DSC_0077_1.jpg,1
DSC_0077_2.jpg,1
DSC_0077_3.jpg,1
DSC_0078_0.jpg,1
DSC_0078_1.jpg,1
DSC_0078_2.jpg,1
DSC_0078_3.jpg,1
DSC_0079_0.jpg,1
DSC_0079_1.jpg,1
DSC_0079_2.jpg,1
DSC_0079_3.jpg,1
DSC_0080_0.jpg,1
DSC_0080_1.jpg,1
DSC_0080_2.jpg,1
DSC_0080_3.jpg,1
DSC_0081_0.jpg,1
DSC_0081_1.jpg,1
DSC_0081_2.jpg,1
DSC_0081_3.jpg,1
DSC_0082_0.jpg,1
DSC_0082_1.jpg,1
DSC_0082_2.jpg,1
DSC_0082_3.jpg,1
DSC_0083_0.jpg,1
DSC_0083_1.jpg,1
DSC_0083_2.jpg,1
DSC_0083_3.jpg,1
DSC_0084_0.jpg,1
DSC_0084_1.jpg,1
DSC_0084_2.jpg,1
DSC_0084_3.jpg,1
DSC_0085_0.jpg,1
DSC_0085_1.jpg,1
DSC_0085_2.jpg,1
DSC_0085_3.jpg,1
DSC_0086_0.jpg,1
DSC_0086_1.jpg,1
DSC_0086_2.jpg,1
DSC_0086_3.jpg,1
DSC_0087_0.jpg,1
DSC_0087_1.jpg,1
DSC_0087_2.jpg,1
DSC_0088_0.jpg,1
DSC_0088_1.jpg,1
DSC_0088_2.jpg,1
DSC_0088_3.jpg,1
DSC_0089_0.jpg,1
DSC_0089_1.jpg,1
DSC_0089_2.jpg,1
DSC_0089_3.jpg,1
DSC_0090_0.jpg,1
DSC_0090_1.jpg,1
DSC_0090_2.jpg,1
DSC_0090_3.jpg,1
DSC_0091_0.jpg,1
DSC_0091_1.jpg,1
DSC_0091_2.jpg,1
DSC_0091_3.jpg,1
DSC_0092_0.jpg,1
DSC_0092_1.jpg,1
DSC_0092_2.jpg,1
DSC_0092_3.jpg,1
DSC_0093_0.jpg,1
DSC_0093_1.jpg,1
DSC_0093_2.jpg,1
DSC_0093_3.jpg,1
DSC_0094_0.jpg,1
DSC_0094_1.jpg,1
DSC_0094_2.jpg,1
DSC_0094_3.jpg,1
DSC_0095_0.jpg,1
DSC_0095_2.jpg,1
DSC_0095_3.jpg,1
DSC_0096_0.jpg,1
DSC_0096_1.jpg,1
DSC_0096_2.jpg,1
DSC_0096_3.jpg,1
DSC_0097_1.jpg,1
DSC_0097_2.jpg,1
DSC_0097_3.jpg,1
DSC_0098_2.jpg,1
DSC_0098_3.jpg,1
DSC_0099_0.jpg,1
DSC_0099_1.jpg,1
DSC_0099_2.jpg,1
DSC_0099_3.jpg,1
DSC_0100_0.jpg,1
DSC_0100_1.jpg,1
DSC_0100_2.jpg,1
DSC_0100_3.jpg,1
DSC_0101_0.jpg,1
DSC_0101_1.jpg,1
DSC_0101_2.jpg,1
DSC_0101_3.jpg,1
DSC_0102_0.jpg,1
DSC_0103_0.jpg,1
DSC_0104_0.jpg,1
DSC_0104_1.jpg,1
DSC_0104_2.jpg,1
DSC_0104_3.jpg,1
DSC_0105_0.jpg,1
DSC_0105_1.jpg,1
DSC_0105_2.jpg,1
DSC_0105_3.jpg,1
DSC_0106_1.jpg,1
DSC_0106_3.jpg,1
DSC_0107_1.jpg,1
DSC_0107_3.jpg,1
DSC_0108_0.jpg,1
DSC_0108_1.jpg,1
DSC_0108_3.jpg,1
DSC_0109_0.jpg,1
DSC_0109_2.jpg,1
DSC_0110_0.jpg,1
DSC_0110_2.jpg,1
DSC_0111_0.jpg,1
DSC_0111_2.jpg,1
DSC_0112_0.jpg,1
DSC_0112_2.jpg,1
DSC_0113_1.jpg,1
DSC_0113_3.jpg,1
DSC_0001_0.jpg,0
DSC_0001_1.jpg,0
DSC_0001_2.jpg,0
DSC_0001_3.jpg,0
DSC_0002_0.jpg,0
DSC_0002_1.jpg,0
DSC_0002_2.jpg,0
DSC_0002_3.jpg,0
DSC_0003_0.jpg,0
DSC_0003_1.jpg,0
DSC_0003_2.jpg,0
DSC_0003_3.jpg,0
DSC_0004_0.jpg,0
DSC_0004_1.jpg,0
DSC_0004_2.jpg,0
DSC_0004_3.jpg,0
DSC_0005_0.jpg,0
DSC_0005_1.jpg,0
DSC_0005_2.jpg,0
DSC_0005_3.jpg,0
DSC_0006_1.jpg,0
DSC_0006_3.jpg,0
DSC_0007_1.jpg,0
DSC_0007_3.jpg,0
DSC_0008_1.jpg,0
DSC_0008_3.jpg,0
DSC_0009_1.jpg,0
DSC_0009_3.jpg,0
DSC_0010_1.jpg,0
DSC_0010_3.jpg,0
DSC_0011_1.jpg,0
DSC_0011_3.jpg,0
DSC_0012_0.jpg,0
DSC_0012_1.jpg,0
DSC_0012_2.jpg,0
DSC_0012_3.jpg,0
DSC_0013_0.jpg,0
DSC_0013_1.jpg,0
DSC_0013_2.jpg,0
DSC_0013_3.jpg,0
DSC_0014_0.jpg,0
DSC_0014_1.jpg,0
DSC_0014_2.jpg,0
DSC_0014_3.jpg,0
DSC_0015_0.jpg,0
DSC_0015_1.jpg,0
DSC_0015_2.jpg,0
DSC_0015_3.jpg,0
DSC_0016_0.jpg,0
DSC_0016_1.jpg,0
DSC_0016_2.jpg,0
DSC_0016_3.jpg,0
DSC_0017_0.jpg,0
DSC_0017_1.jpg,0
DSC_0017_2.jpg,0
DSC_0017_3.jpg,0
DSC_0018_0.jpg,0
DSC_0018_1.jpg,0
DSC_0018_2.jpg,0
DSC_0018_3.jpg,0
DSC_0019_0.jpg,0
DSC_0019_1.jpg,0
DSC_0019_2.jpg,0
DSC_0019_3.jpg,0
DSC_0020_0.jpg,0
DSC_0020_1.jpg,0
DSC_0020_2.jpg,0
DSC_0020_3.jpg,0
DSC_0021_0.jpg,0
DSC_0021_1.jpg,0
DSC_0021_2.jpg,0
DSC_0021_3.jpg,0
DSC_0022_0.jpg,0
DSC_0022_1.jpg,0
DSC_0022_2.jpg,0
DSC_0022_3.jpg,0
DSC_0023_0.jpg,0
DSC_0023_1.jpg,0
DSC_0023_2.jpg,0
DSC_0023_3.jpg,0
DSC_0024_0.jpg,0
DSC_0024_1.jpg,0
DSC_0024_2.jpg,0
DSC_0024_3.jpg,0
DSC_0025_0.jpg,0
DSC_0025_1.jpg,0
DSC_0025_2.jpg,0
DSC_0025_3.jpg,0
DSC_0026_0.jpg,0
DSC_0026_1.jpg,0
DSC_0026_2.jpg,0
DSC_0026_3.jpg,0
DSC_0027_1.jpg,0
DSC_0027_3.jpg,0
DSC_0028_1.jpg,0
DSC_0032_1.jpg,0
DSC_0041_3.jpg,0
DSC_0042_3.jpg,0
DSC_0049_3.jpg,0
DSC_0050_1.jpg,0
DSC_0077_0.jpg,0
DSC_0087_3.jpg,0
DSC_0095_1.jpg,0
DSC_0097_0.jpg,0
DSC_0098_0.jpg,0
DSC_0098_1.jpg,0
DSC_0102_1.jpg,0
DSC_0102_2.jpg,0
DSC_0102_3.jpg,0
DSC_0103_1.jpg,0
DSC_0103_2.jpg,0
DSC_0103_3.jpg,0
DSC_0106_0.jpg,0
DSC_0106_2.jpg,0
DSC_0107_0.jpg,0
DSC_0107_2.jpg,0
DSC_0108_2.jpg,0
DSC_0109_1.jpg,0
DSC_0109_3.jpg,0
DSC_0110_1.jpg,0
DSC_0110_3.jpg,0
DSC_0111_1.jpg,0
DSC_0111_3.jpg,0
DSC_0112_1.jpg,0
DSC_0112_3.jpg,0
DSC_0113_0.jpg,0
DSC_0113_2.jpg,0
59KKA2265_4_oblique_02042015_1639 (1)_1.jpg,1
59KKA2265_4_oblique_02042015_1639 (10)_1.jpg,1
59KKA2265_4_oblique_02042015_1639 (10)_3.jpg,1
59KKA2265_4_oblique_02042015_1639 (11)_0.jpg,1
59KKA2265_4_oblique_02042015_1639 (11)_1.jpg,1
59KKA2265_4_oblique_02042015_1639 (11)_3.jpg,1
59KKA2265_4_oblique_02042015_1639 (12)_0.jpg,1
59KKA2265_4_oblique_02042015_1639 (12)_1.jpg,1
59KKA2265_4_oblique_02042015_1639 (12)_3.jpg,1
59KKA2265_4_oblique_02042015_1639 (13)_2.jpg,1
59KKA2265_4_oblique_02042015_1639 (13)_3.jpg,1
59KKA2265_4_oblique_02042015_1639 (14)_0.jpg,1
59KKA2265_4_oblique_02042015_1639 (14)_1.jpg,1
59KKA2265_4_oblique_02042015_1639 (14)_2.jpg,1
59KKA2265_4_oblique_02042015_1639 (14)_3.jpg,1
59KKA2265_4_oblique_02042015_1639 (15)_3.jpg,1
59KKA2265_4_oblique_02042015_1639 (16)_1.jpg,1
59KKA2265_4_oblique_02042015_1639 (16)_3.jpg,1
59KKA2265_4_oblique_02042015_1639 (17)_3.jpg,1
59KKA2265_4_oblique_02042015_1639 (18)_3.jpg,1
59KKA2265_4_oblique_02042015_1639 (19)_1.jpg,1
59KKA2265_4_oblique_02042015_1639 (19)_3.jpg,1
59KKA2265_4_oblique_02042015_1639 (2)_0.jpg,1
59KKA2265_4_oblique_02042015_1639 (2)_1.jpg,1
59KKA2265_4_oblique_02042015_1639 (2)_2.jpg,1
59KKA2265_4_oblique_02042015_1639 (2)_3.jpg,1
59KKA2265_4_oblique_02042015_1639 (3)_2.jpg,1
59KKA2265_4_oblique_02042015_1639 (3)_3.jpg,1
59KKA2265_4_oblique_02042015_1639 (4)_2.jpg,1
59KKA2265_4_oblique_02042015_1639 (4)_3.jpg,1
59KKA2265_4_oblique_02042015_1639 (5)_3.jpg,1
59KKA2265_4_oblique_02042015_1639 (6)_3.jpg,1
59KKA2265_4_oblique_02042015_1639 (8)_2.jpg,1
59KKA2265_4_oblique_02042015_1639 (8)_3.jpg,1
59KKA2265_4_oblique_02042015_1639 (9)_1.jpg,1
59KKA2265_4_oblique_02042015_1639 (9)_3.jpg,1
59KKA2265_4_oblique_02042015_1639 (1)_0.jpg,0
59KKA2265_4_oblique_02042015_1639 (1)_2.jpg,0
59KKA2265_4_oblique_02042015_1639 (1)_3.jpg,0
59KKA2265_4_oblique_02042015_1639 (10)_0.jpg,0
59KKA2265_4_oblique_02042015_1639 (10)_2.jpg,0
59KKA2265_4_oblique_02042015_1639 (11)_2.jpg,0
59KKA2265_4_oblique_02042015_1639 (12)_2.jpg,0
59KKA2265_4_oblique_02042015_1639 (13)_0.jpg,0
59KKA2265_4_oblique_02042015_1639 (13)_1.jpg,0
59KKA2265_4_oblique_02042015_1639 (15)_0.jpg,0
59KKA2265_4_oblique_02042015_1639 (15)_1.jpg,0
59KKA2265_4_oblique_02042015_1639 (15)_2.jpg,0
59KKA2265_4_oblique_02042015_1639 (16)_0.jpg,0
59KKA2265_4_oblique_02042015_1639 (16)_2.jpg,0
59KKA2265_4_oblique_02042015_1639 (17)_0.jpg,0
59KKA2265_4_oblique_02042015_1639 (17)_1.jpg,0
59KKA2265_4_oblique_02042015_1639 (17)_2.jpg,0
59KKA2265_4_oblique_02042015_1639 (18)_0.jpg,0
59KKA2265_4_oblique_02042015_1639 (18)_1.jpg,0
59KKA2265_4_oblique_02042015_1639 (18)_2.jpg,0
59KKA2265_4_oblique_02042015_1639 (19)_0.jpg,0
59KKA2265_4_oblique_02042015_1639 (19)_2.jpg,0
59KKA2265_4_oblique_02042015_1639 (3)_0.jpg,0
59KKA2265_4_oblique_02042015_1639 (3)_1.jpg,0
59KKA2265_4_oblique_02042015_1639 (4)_0.jpg,0
59KKA2265_4_oblique_02042015_1639 (4)_1.jpg,0
59KKA2265_4_oblique_02042015_1639 (5)_0.jpg,0
59KKA2265_4_oblique_02042015_1639 (5)_1.jpg,0
59KKA2265_4_oblique_02042015_1639 (5)_2.jpg,0
59KKA2265_4_oblique_02042015_1639 (6)_0.jpg,0
59KKA2265_4_oblique_02042015_1639 (6)_1.jpg,0
59KKA2265_4_oblique_02042015_1639 (6)_2.jpg,0
59KKA2265_4_oblique_02042015_1639 (7)_0.jpg,0
59KKA2265_4_oblique_02042015_1639 (7)_1.jpg,0
59KKA2265_4_oblique_02042015_1639 (7)_2.jpg,0
59KKA2265_4_oblique_02042015_1639 (7)_3.jpg,0
59KKA2265_4_oblique_02042015_1639 (8)_0.jpg,0
59KKA2265_4_oblique_02042015_1639 (8)_1.jpg,0
59KKA2265_4_oblique_02042015_1639 (9)_0.jpg,0
59KKA2265_4_oblique_02042015_1639 (9)_2.jpg,0
59KKA3057_3_Oblique_06042015 (101)_7.jpg,1
59KKA3057_3_Oblique_06042015 (108)_5.jpg,1
59KKA3057_3_Oblique_06042015 (110)_2.jpg,1
59KKA3057_3_Oblique_06042015 (110)_5.jpg,1
59KKA3057_3_Oblique_06042015 (110)_8.jpg,1
59KKA3057_3_Oblique_06042015 (111)_1.jpg,1
59KKA3057_3_Oblique_06042015 (111)_2.jpg,1
59KKA3057_3_Oblique_06042015 (111)_4.jpg,1
59KKA3057_3_Oblique_06042015 (111)_5.jpg,1
59KKA3057_3_Oblique_06042015 (111)_7.jpg,1
59KKA3057_3_Oblique_06042015 (112)_1.jpg,1
59KKA3057_3_Oblique_06042015 (112)_4.jpg,1
59KKA3057_3_Oblique_06042015 (113)_0.jpg,1
59KKA3057_3_Oblique_06042015 (113)_1.jpg,1
59KKA3057_3_Oblique_06042015 (113)_3.jpg,1
59KKA3057_3_Oblique_06042015 (113)_5.jpg,1
59KKA3057_3_Oblique_06042015 (113)_8.jpg,1
59KKA3057_3_Oblique_06042015 (114)_0.jpg,1
59KKA3057_3_Oblique_06042015 (114)_2.jpg,1
59KKA3057_3_Oblique_06042015 (114)_4.jpg,1
59KKA3057_3_Oblique_06042015 (114)_5.jpg,1
59KKA3057_3_Oblique_06042015 (114)_7.jpg,1
59KKA3057_3_Oblique_06042015 (114)_8.jpg,1
59KKA3057_3_Oblique_06042015 (115)_0.jpg,1
59KKA3057_3_Oblique_06042015 (115)_1.jpg,1
59KKA3057_3_Oblique_06042015 (115)_2.jpg,1
59KKA3057_3_Oblique_06042015 (115)_3.jpg,1
59KKA3057_3_Oblique_06042015 (115)_6.jpg,1
59KKA3057_3_Oblique_06042015 (115)_7.jpg,1
59KKA3057_3_Oblique_06042015 (115)_8.jpg,1
59KKA3057_3_Oblique_06042015 (116)_0.jpg,1
59KKA3057_3_Oblique_06042015 (116)_2.jpg,1
59KKA3057_3_Oblique_06042015 (116)_4.jpg,1
59KKA3057_3_Oblique_06042015 (116)_5.jpg,1
59KKA3057_3_Oblique_06042015 (116)_7.jpg,1
59KKA3057_3_Oblique_06042015 (117)_2.jpg,1
59KKA3057_3_Oblique_06042015 (117)_4.jpg,1
59KKA3057_3_Oblique_06042015 (118)_2.jpg,1
59KKA3057_3_Oblique_06042015 (118)_4.jpg,1
59KKA3057_3_Oblique_06042015 (118)_5.jpg,1
59KKA3057_3_Oblique_06042015 (118)_7.jpg,1
59KKA3057_3_Oblique_06042015 (118)_8.jpg,1
59KKA3057_3_Oblique_06042015 (119)_1.jpg,1
59KKA3057_3_Oblique_06042015 (119)_2.jpg,1
59KKA3057_3_Oblique_06042015 (119)_5.jpg,1
59KKA3057_3_Oblique_06042015 (119)_8.jpg,1
59KKA3057_3_Oblique_06042015 (120)_1.jpg,1
59KKA3057_3_Oblique_06042015 (120)_2.jpg,1
59KKA3057_3_Oblique_06042015 (120)_5.jpg,1
59KKA3057_3_Oblique_06042015 (120)_8.jpg,1
59KKA3057_3_Oblique_06042015 (121)_1.jpg,1
59KKA3057_3_Oblique_06042015 (121)_2.jpg,1
59KKA3057_3_Oblique_06042015 (121)_4.jpg,1
59KKA3057_3_Oblique_06042015 (121)_5.jpg,1
59KKA3057_3_Oblique_06042015 (121)_8.jpg,1
59KKA3057_3_Oblique_06042015 (122)_1.jpg,1
59KKA3057_3_Oblique_06042015 (122)_2.jpg,1
59KKA3057_3_Oblique_06042015 (122)_5.jpg,1
59KKA3057_3_Oblique_06042015 (122)_8.jpg,1
59KKA3057_3_Oblique_06042015 (123)_1.jpg,1
59KKA3057_3_Oblique_06042015 (123)_2.jpg,1
59KKA3057_3_Oblique_06042015 (123)_5.jpg,1
59KKA3057_3_Oblique_06042015 (123)_7.jpg,1
59KKA3057_3_Oblique_06042015 (123)_8.jpg,1
59KKA3057_3_Oblique_06042015 (124)_4.jpg,1
59KKA3057_3_Oblique_06042015 (124)_5.jpg,1
59KKA3057_3_Oblique_06042015 (124)_7.jpg,1
59KKA3057_3_Oblique_06042015 (124)_8.jpg,1
59KKA3057_3_Oblique_06042015 (125)_1.jpg,1
59KKA3057_3_Oblique_06042015 (125)_4.jpg,1
59KKA3057_3_Oblique_06042015 (125)_5.jpg,1
59KKA3057_3_Oblique_06042015 (125)_7.jpg,1
59KKA3057_3_Oblique_06042015 (125)_8.jpg,1
59KKA3057_3_Oblique_06042015 (126)_1.jpg,1
59KKA3057_3_Oblique_06042015 (126)_4.jpg,1
59KKA3057_3_Oblique_06042015 (126)_7.jpg,1
59KKA3057_3_Oblique_06042015 (71)_0.jpg,1
59KKA3057_3_Oblique_06042015 (71)_1.jpg,1
59KKA3057_3_Oblique_06042015 (71)_2.jpg,1
59KKA3057_3_Oblique_06042015 (71)_3.jpg,1
59KKA3057_3_Oblique_06042015 (71)_4.jpg,1
59KKA3057_3_Oblique_06042015 (71)_5.jpg,1
59KKA3057_3_Oblique_06042015 (71)_6.jpg,1
59KKA3057_3_Oblique_06042015 (71)_7.jpg,1
59KKA3057_3_Oblique_06042015 (71)_8.jpg,1
59KKA3057_3_Oblique_06042015 (72)_0.jpg,1
59KKA3057_3_Oblique_06042015 (72)_3.jpg,1
59KKA3057_3_Oblique_06042015 (72)_4.jpg,1
59KKA3057_3_Oblique_06042015 (72)_6.jpg,1
59KKA3057_3_Oblique_06042015 (72)_7.jpg,1
59KKA3057_3_Oblique_06042015 (72)_8.jpg,1
59KKA3057_3_Oblique_06042015 (73)_0.jpg,1
59KKA3057_3_Oblique_06042015 (73)_3.jpg,1
59KKA3057_3_Oblique_06042015 (73)_6.jpg,1
59KKA3057_3_Oblique_06042015 (73)_7.jpg,1
59KKA3057_3_Oblique_06042015 (73)_8.jpg,1
59KKA3057_3_Oblique_06042015 (74)_0.jpg,1
59KKA3057_3_Oblique_06042015 (74)_1.jpg,1
59KKA3057_3_Oblique_06042015 (74)_3.jpg,1
59KKA3057_3_Oblique_06042015 (74)_6.jpg,1
59KKA3057_3_Oblique_06042015 (75)_0.jpg,1
59KKA3057_3_Oblique_06042015 (75)_1.jpg,1
59KKA3057_3_Oblique_06042015 (75)_2.jpg,1
59KKA3057_3_Oblique_06042015 (75)_3.jpg,1
59KKA3057_3_Oblique_06042015 (75)_4.jpg,1
59KKA3057_3_Oblique_06042015 (75)_6.jpg,1
59KKA3057_3_Oblique_06042015 (75)_7.jpg,1
59KKA3057_3_Oblique_06042015 (76)_0.jpg,1
59KKA3057_3_Oblique_06042015 (76)_1.jpg,1
59KKA3057_3_Oblique_06042015 (76)_2.jpg,1
59KKA3057_3_Oblique_06042015 (76)_3.jpg,1
59KKA3057_3_Oblique_06042015 (76)_4.jpg,1
59KKA3057_3_Oblique_06042015 (76)_6.jpg,1
59KKA3057_3_Oblique_06042015 (76)_7.jpg,1
59KKA3057_3_Oblique_06042015 (77)_0.jpg,1
59KKA3057_3_Oblique_06042015 (77)_2.jpg,1
59KKA3057_3_Oblique_06042015 (77)_3.jpg,1
59KKA3057_3_Oblique_06042015 (77)_4.jpg,1
59KKA3057_3_Oblique_06042015 (77)_5.jpg,1
59KKA3057_3_Oblique_06042015 (77)_6.jpg,1
59KKA3057_3_Oblique_06042015 (77)_8.jpg,1
59KKA3057_3_Oblique_06042015 (78)_0.jpg,1
59KKA3057_3_Oblique_06042015 (78)_1.jpg,1
59KKA3057_3_Oblique_06042015 (78)_3.jpg,1
59KKA3057_3_Oblique_06042015 (78)_5.jpg,1
59KKA3057_3_Oblique_06042015 (78)_7.jpg,1
59KKA3057_3_Oblique_06042015 (79)_0.jpg,1
59KKA3057_3_Oblique_06042015 (79)_1.jpg,1
59KKA3057_3_Oblique_06042015 (79)_3.jpg,1
59KKA3057_3_Oblique_06042015 (79)_4.jpg,1
59KKA3057_3_Oblique_06042015 (80)_0.jpg,1
59KKA3057_3_Oblique_06042015 (80)_1.jpg,1
59KKA3057_3_Oblique_06042015 (80)_2.jpg,1
59KKA3057_3_Oblique_06042015 (80)_4.jpg,1
59KKA3057_3_Oblique_06042015 (80)_5.jpg,1
59KKA3057_3_Oblique_06042015 (80)_7.jpg,1
59KKA3057_3_Oblique_06042015 (81)_1.jpg,1
59KKA3057_3_Oblique_06042015 (81)_4.jpg,1
59KKA3057_3_Oblique_06042015 (81)_8.jpg,1
59KKA3057_3_Oblique_06042015 (82)_2.jpg,1
59KKA3057_3_Oblique_06042015 (82)_6.jpg,1
59KKA3057_3_Oblique_06042015 (83)_3.jpg,1
59KKA3057_3_Oblique_06042015 (83)_6.jpg,1
59KKA3057_3_Oblique_06042015 (84)_1.jpg,1
59KKA3057_3_Oblique_06042015 (89)_3.jpg,1
59KKA3057_3_Oblique_06042015 (89)_7.jpg,1
59KKA3057_3_Oblique_06042015 (90)_6.jpg,1
59KKA3057_3_Oblique_06042015 (91)_6.jpg,1
59KKA3057_3_Oblique_06042015 (91)_7.jpg,1
59KKA3057_3_Oblique_06042015 (92)_6.jpg,1
59KKA3057_3_Oblique_06042015 (92)_7.jpg,1
59KKA3057_3_Oblique_06042015 (93)_6.jpg,1
59KKA3057_3_Oblique_06042015 (93)_8.jpg,1
59KKA3057_3_Oblique_06042015 (94)_3.jpg,1
59KKA3057_3_Oblique_06042015 (94)_6.jpg,1
59KKA3057_3_Oblique_06042015 (94)_7.jpg,1
59KKA3057_3_Oblique_06042015 (95)_3.jpg,1
59KKA3057_3_Oblique_06042015 (95)_6.jpg,1
59KKA3057_3_Oblique_06042015 (96)_3.jpg,1
59KKA3057_3_Oblique_06042015 (96)_4.jpg,1
59KKA3057_3_Oblique_06042015 (96)_6.jpg,1
59KKA3057_3_Oblique_06042015 (96)_7.jpg,1
59KKA3057_3_Oblique_06042015 (97)_4.jpg,1
59KKA3057_3_Oblique_06042015 (97)_6.jpg,1
59KKA3057_3_Oblique_06042015 (97)_7.jpg,1
59KKA3057_3_Oblique_06042015 (97)_8.jpg,1
59KKA3057_3_Oblique_06042015 (98)_5.jpg,1
59KKA3057_3_Oblique_06042015 (98)_7.jpg,1
59KKA3057_3_Oblique_06042015 (98)_8.jpg,1
59KKA3057_3_Oblique_06042015 (99)_7.jpg,1
59KKA3057_3_Oblique_06042015 (100)_0.jpg,0
59KKA3057_3_Oblique_06042015 (100)_1.jpg,0
59KKA3057_3_Oblique_06042015 (100)_2.jpg,0
59KKA3057_3_Oblique_06042015 (100)_3.jpg,0
59KKA3057_3_Oblique_06042015 (100)_4.jpg,0
59KKA3057_3_Oblique_06042015 (100)_5.jpg,0
59KKA3057_3_Oblique_06042015 (100)_6.jpg,0
59KKA3057_3_Oblique_06042015 (100)_7.jpg,0
59KKA3057_3_Oblique_06042015 (100)_8.jpg,0
59KKA3057_3_Oblique_06042015 (101)_0.jpg,0
59KKA3057_3_Oblique_06042015 (101)_1.jpg,0
59KKA3057_3_Oblique_06042015 (101)_2.jpg,0
59KKA3057_3_Oblique_06042015 (101)_3.jpg,0
59KKA3057_3_Oblique_06042015 (101)_4.jpg,0
59KKA3057_3_Oblique_06042015 (101)_5.jpg,0
59KKA3057_3_Oblique_06042015 (101)_6.jpg,0
59KKA3057_3_Oblique_06042015 (101)_8.jpg,0
59KKA3057_3_Oblique_06042015 (102)_0.jpg,0
59KKA3057_3_Oblique_06042015 (102)_1.jpg,0
59KKA3057_3_Oblique_06042015 (102)_2.jpg,0
59KKA3057_3_Oblique_06042015 (102)_3.jpg,0
59KKA3057_3_Oblique_06042015 (102)_4.jpg,0
59KKA3057_3_Oblique_06042015 (102)_5.jpg,0
59KKA3057_3_Oblique_06042015 (102)_6.jpg,0
59KKA3057_3_Oblique_06042015 (102)_7.jpg,0
59KKA3057_3_Oblique_06042015 (102)_8.jpg,0
59KKA3057_3_Oblique_06042015 (103)_0.jpg,0
59KKA3057_3_Oblique_06042015 (103)_1.jpg,0
59KKA3057_3_Oblique_06042015 (103)_2.jpg,0
59KKA3057_3_Oblique_06042015 (103)_3.jpg,0
59KKA3057_3_Oblique_06042015 (103)_4.jpg,0
59KKA3057_3_Oblique_06042015 (103)_5.jpg,0
59KKA3057_3_Oblique_06042015 (103)_6.jpg,0
59KKA3057_3_Oblique_06042015 (103)_7.jpg,0
59KKA3057_3_Oblique_06042015 (103)_8.jpg,0
59KKA3057_3_Oblique_06042015 (104)_0.jpg,0
59KKA3057_3_Oblique_06042015 (104)_1.jpg,0
59KKA3057_3_Oblique_06042015 (104)_2.jpg,0
59KKA3057_3_Oblique_06042015 (104)_3.jpg,0
59KKA3057_3_Oblique_06042015 (104)_4.jpg,0
59KKA3057_3_Oblique_06042015 (104)_5.jpg,0
59KKA3057_3_Oblique_06042015 (104)_6.jpg,0
59KKA3057_3_Oblique_06042015 (104)_7.jpg,0
59KKA3057_3_Oblique_06042015 (104)_8.jpg,0
59KKA3057_3_Oblique_06042015 (105)_0.jpg,0
59KKA3057_3_Oblique_06042015 (105)_1.jpg,0
59KKA3057_3_Oblique_06042015 (105)_2.jpg,0
59KKA3057_3_Oblique_06042015 (105)_3.jpg,0
59KKA3057_3_Oblique_06042015 (105)_4.jpg,0
59KKA3057_3_Oblique_06042015 (105)_5.jpg,0
59KKA3057_3_Oblique_06042015 (105)_6.jpg,0
59KKA3057_3_Oblique_06042015 (105)_7.jpg,0
59KKA3057_3_Oblique_06042015 (105)_8.jpg,0
59KKA3057_3_Oblique_06042015 (106)_0.jpg,0
59KKA3057_3_Oblique_06042015 (106)_1.jpg,0
59KKA3057_3_Oblique_06042015 (106)_2.jpg,0
59KKA3057_3_Oblique_06042015 (106)_3.jpg,0
59KKA3057_3_Oblique_06042015 (106)_4.jpg,0
59KKA3057_3_Oblique_06042015 (106)_5.jpg,0
59KKA3057_3_Oblique_06042015 (106)_6.jpg,0
59KKA3057_3_Oblique_06042015 (106)_7.jpg,0
59KKA3057_3_Oblique_06042015 (106)_8.jpg,0
59KKA3057_3_Oblique_06042015 (107)_0.jpg,0
59KKA3057_3_Oblique_06042015 (107)_1.jpg,0
59KKA3057_3_Oblique_06042015 (107)_2.jpg,0
59KKA3057_3_Oblique_06042015 (107)_3.jpg,0
59KKA3057_3_Oblique_06042015 (107)_4.jpg,0
59KKA3057_3_Oblique_06042015 (107)_5.jpg,0
59KKA3057_3_Oblique_06042015 (107)_6.jpg,0
59KKA3057_3_Oblique_06042015 (107)_7.jpg,0
59KKA3057_3_Oblique_06042015 (107)_8.jpg,0
59KKA3057_3_Oblique_06042015 (108)_0.jpg,0
59KKA3057_3_Oblique_06042015 (108)_1.jpg,0
59KKA3057_3_Oblique_06042015 (108)_2.jpg,0
59KKA3057_3_Oblique_06042015 (108)_3.jpg,0
59KKA3057_3_Oblique_06042015 (108)_4.jpg,0
59KKA3057_3_Oblique_06042015 (108)_6.jpg,0
59KKA3057_3_Oblique_06042015 (108)_7.jpg,0
59KKA3057_3_Oblique_06042015 (108)_8.jpg,0
59KKA3057_3_Oblique_06042015 (109)_0.jpg,0
59KKA3057_3_Oblique_06042015 (109)_1.jpg,0
59KKA3057_3_Oblique_06042015 (109)_2.jpg,0
59KKA3057_3_Oblique_06042015 (109)_3.jpg,0
59KKA3057_3_Oblique_06042015 (109)_4.jpg,0
59KKA3057_3_Oblique_06042015 (109)_5.jpg,0
59KKA3057_3_Oblique_06042015 (109)_6.jpg,0
59KKA3057_3_Oblique_06042015 (109)_7.jpg,0
59KKA3057_3_Oblique_06042015 (109)_8.jpg,0
59KKA3057_3_Oblique_06042015 (110)_0.jpg,0
59KKA3057_3_Oblique_06042015 (110)_1.jpg,0
59KKA3057_3_Oblique_06042015 (110)_3.jpg,0
59KKA3057_3_Oblique_06042015 (110)_4.jpg,0
59KKA3057_3_Oblique_06042015 (110)_6.jpg,0
59KKA3057_3_Oblique_06042015 (110)_7.jpg,0
59KKA3057_3_Oblique_06042015 (111)_0.jpg,0
59KKA3057_3_Oblique_06042015 (111)_3.jpg,0
59KKA3057_3_Oblique_06042015 (111)_6.jpg,0
59KKA3057_3_Oblique_06042015 (111)_8.jpg,0
59KKA3057_3_Oblique_06042015 (112)_0.jpg,0
59KKA3057_3_Oblique_06042015 (112)_2.jpg,0
59KKA3057_3_Oblique_06042015 (112)_3.jpg,0
59KKA3057_3_Oblique_06042015 (112)_5.jpg,0
59KKA3057_3_Oblique_06042015 (112)_6.jpg,0
59KKA3057_3_Oblique_06042015 (112)_7.jpg,0
59KKA3057_3_Oblique_06042015 (112)_8.jpg,0
59KKA3057_3_Oblique_06042015 (113)_2.jpg,0
59KKA3057_3_Oblique_06042015 (113)_4.jpg,0
59KKA3057_3_Oblique_06042015 (113)_6.jpg,0
59KKA3057_3_Oblique_06042015 (113)_7.jpg,0
59KKA3057_3_Oblique_06042015 (114)_1.jpg,0
59KKA3057_3_Oblique_06042015 (114)_3.jpg,0
59KKA3057_3_Oblique_06042015 (114)_6.jpg,0
59KKA3057_3_Oblique_06042015 (115)_4.jpg,0
59KKA3057_3_Oblique_06042015 (115)_5.jpg,0
59KKA3057_3_Oblique_06042015 (116)_1.jpg,0
59KKA3057_3_Oblique_06042015 (116)_3.jpg,0
59KKA3057_3_Oblique_06042015 (116)_6.jpg,0
59KKA3057_3_Oblique_06042015 (116)_8.jpg,0
59KKA3057_3_Oblique_06042015 (117)_0.jpg,0
59KKA3057_3_Oblique_06042015 (117)_1.jpg,0
59KKA3057_3_Oblique_06042015 (117)_3.jpg,0
59KKA3057_3_Oblique_06042015 (117)_5.jpg,0
59KKA3057_3_Oblique_06042015 (117)_6.jpg,0
59KKA3057_3_Oblique_06042015 (117)_7.jpg,0
59KKA3057_3_Oblique_06042015 (117)_8.jpg,0
59KKA3057_3_Oblique_06042015 (118)_0.jpg,0
59KKA3057_3_Oblique_06042015 (118)_1.jpg,0
59KKA3057_3_Oblique_06042015 (118)_3.jpg,0
59KKA3057_3_Oblique_06042015 (118)_6.jpg,0
59KKA3057_3_Oblique_06042015 (119)_0.jpg,0
59KKA3057_3_Oblique_06042015 (119)_3.jpg,0
59KKA3057_3_Oblique_06042015 (119)_4.jpg,0
59KKA3057_3_Oblique_06042015 (119)_6.jpg,0
59KKA3057_3_Oblique_06042015 (119)_7.jpg,0
59KKA3057_3_Oblique_06042015 (120)_0.jpg,0
59KKA3057_3_Oblique_06042015 (120)_3.jpg,0
59KKA3057_3_Oblique_06042015 (120)_4.jpg,0
59KKA3057_3_Oblique_06042015 (120)_6.jpg,0
59KKA3057_3_Oblique_06042015 (120)_7.jpg,0
59KKA3057_3_Oblique_06042015 (121)_0.jpg,0
59KKA3057_3_Oblique_06042015 (121)_3.jpg,0
59KKA3057_3_Oblique_06042015 (121)_6.jpg,0
59KKA3057_3_Oblique_06042015 (121)_7.jpg,0
59KKA3057_3_Oblique_06042015 (122)_0.jpg,0
59KKA3057_3_Oblique_06042015 (122)_3.jpg,0
59KKA3057_3_Oblique_06042015 (122)_4.jpg,0
59KKA3057_3_Oblique_06042015 (122)_6.jpg,0
59KKA3057_3_Oblique_06042015 (122)_7.jpg,0
59KKA3057_3_Oblique_06042015 (123)_0.jpg,0
59KKA3057_3_Oblique_06042015 (123)_3.jpg,0
59KKA3057_3_Oblique_06042015 (123)_4.jpg,0
59KKA3057_3_Oblique_06042015 (123)_6.jpg,0
59KKA3057_3_Oblique_06042015 (124)_0.jpg,0
59KKA3057_3_Oblique_06042015 (124)_1.jpg,0
59KKA3057_3_Oblique_06042015 (124)_2.jpg,0
59KKA3057_3_Oblique_06042015 (124)_3.jpg,0
59KKA3057_3_Oblique_06042015 (124)_6.jpg,0
59KKA3057_3_Oblique_06042015 (125)_0.jpg,0
59KKA3057_3_Oblique_06042015 (125)_2.jpg,0
59KKA3057_3_Oblique_06042015 (125)_3.jpg,0
59KKA3057_3_Oblique_06042015 (125)_6.jpg,0
59KKA3057_3_Oblique_06042015 (126)_0.jpg,0
59KKA3057_3_Oblique_06042015 (126)_2.jpg,0
59KKA3057_3_Oblique_06042015 (126)_3.jpg,0
59KKA3057_3_Oblique_06042015 (126)_5.jpg,0
59KKA3057_3_Oblique_06042015 (126)_6.jpg,0
59KKA3057_3_Oblique_06042015 (126)_8.jpg,0
59KKA3057_3_Oblique_06042015 (72)_1.jpg,0
59KKA3057_3_Oblique_06042015 (72)_2.jpg,0
59KKA3057_3_Oblique_06042015 (72)_5.jpg,0
59KKA3057_3_Oblique_06042015 (73)_1.jpg,0
59KKA3057_3_Oblique_06042015 (73)_2.jpg,0
59KKA3057_3_Oblique_06042015 (73)_4.jpg,0
59KKA3057_3_Oblique_06042015 (73)_5.jpg,0
59KKA3057_3_Oblique_06042015 (74)_2.jpg,0
59KKA3057_3_Oblique_06042015 (74)_4.jpg,0
59KKA3057_3_Oblique_06042015 (74)_5.jpg,0
59KKA3057_3_Oblique_06042015 (74)_7.jpg,0
59KKA3057_3_Oblique_06042015 (74)_8.jpg,0
59KKA3057_3_Oblique_06042015 (75)_5.jpg,0
59KKA3057_3_Oblique_06042015 (75)_8.jpg,0
59KKA3057_3_Oblique_06042015 (76)_5.jpg,0
59KKA3057_3_Oblique_06042015 (76)_8.jpg,0
59KKA3057_3_Oblique_06042015 (77)_1.jpg,0
59KKA3057_3_Oblique_06042015 (77)_7.jpg,0
59KKA3057_3_Oblique_06042015 (78)_2.jpg,0
59KKA3057_3_Oblique_06042015 (78)_4.jpg,0
59KKA3057_3_Oblique_06042015 (78)_6.jpg,0
59KKA3057_3_Oblique_06042015 (78)_8.jpg,0
59KKA3057_3_Oblique_06042015 (79)_2.jpg,0
59KKA3057_3_Oblique_06042015 (79)_5.jpg,0
59KKA3057_3_Oblique_06042015 (79)_6.jpg,0
59KKA3057_3_Oblique_06042015 (79)_7.jpg,0
59KKA3057_3_Oblique_06042015 (79)_8.jpg,0
59KKA3057_3_Oblique_06042015 (80)_3.jpg,0
59KKA3057_3_Oblique_06042015 (80)_6.jpg,0
59KKA3057_3_Oblique_06042015 (80)_8.jpg,0
59KKA3057_3_Oblique_06042015 (81)_0.jpg,0
59KKA3057_3_Oblique_06042015 (81)_2.jpg,0
59KKA3057_3_Oblique_06042015 (81)_3.jpg,0
59KKA3057_3_Oblique_06042015 (81)_5.jpg,0
59KKA3057_3_Oblique_06042015 (81)_6.jpg,0
59KKA3057_3_Oblique_06042015 (81)_7.jpg,0
59KKA3057_3_Oblique_06042015 (82)_0.jpg,0
59KKA3057_3_Oblique_06042015 (82)_1.jpg,0
59KKA3057_3_Oblique_06042015 (82)_3.jpg,0
59KKA3057_3_Oblique_06042015 (82)_4.jpg,0
59KKA3057_3_Oblique_06042015 (82)_5.jpg,0
59KKA3057_3_Oblique_06042015 (82)_7.jpg,0
59KKA3057_3_Oblique_06042015 (82)_8.jpg,0
59KKA3057_3_Oblique_06042015 (83)_0.jpg,0
59KKA3057_3_Oblique_06042015 (83)_1.jpg,0
59KKA3057_3_Oblique_06042015 (83)_2.jpg,0
59KKA3057_3_Oblique_06042015 (83)_4.jpg,0
59KKA3057_3_Oblique_06042015 (83)_5.jpg,0
59KKA3057_3_Oblique_06042015 (83)_7.jpg,0
59KKA3057_3_Oblique_06042015 (83)_8.jpg,0
59KKA3057_3_Oblique_06042015 (84)_0.jpg,0
59KKA3057_3_Oblique_06042015 (84)_2.jpg,0
59KKA3057_3_Oblique_06042015 (84)_3.jpg,0
59KKA3057_3_Oblique_06042015 (84)_4.jpg,0
59KKA3057_3_Oblique_06042015 (84)_5.jpg,0
59KKA3057_3_Oblique_06042015 (84)_6.jpg,0
59KKA3057_3_Oblique_06042015 (84)_7.jpg,0
59KKA3057_3_Oblique_06042015 (84)_8.jpg,0
59KKA3057_3_Oblique_06042015 (85)_0.jpg,0
59KKA3057_3_Oblique_06042015 (85)_1.jpg,0
59KKA3057_3_Oblique_06042015 (85)_2.jpg,0
59KKA3057_3_Oblique_06042015 (85)_3.jpg,0
59KKA3057_3_Oblique_06042015 (85)_4.jpg,0
59KKA3057_3_Oblique_06042015 (85)_5.jpg,0
59KKA3057_3_Oblique_06042015 (85)_6.jpg,0
59KKA3057_3_Oblique_06042015 (85)_7.jpg,0
59KKA3057_3_Oblique_06042015 (85)_8.jpg,0
59KKA3057_3_Oblique_06042015 (86)_0.jpg,0
59KKA3057_3_Oblique_06042015 (86)_1.jpg,0
59KKA3057_3_Oblique_06042015 (86)_2.jpg,0
59KKA3057_3_Oblique_06042015 (86)_3.jpg,0
59KKA3057_3_Oblique_06042015 (86)_4.jpg,0
59KKA3057_3_Oblique_06042015 (86)_5.jpg,0
59KKA3057_3_Oblique_06042015 (86)_6.jpg,0
59KKA3057_3_Oblique_06042015 (86)_7.jpg,0
59KKA3057_3_Oblique_06042015 (86)_8.jpg,0
59KKA3057_3_Oblique_06042015 (87)_0.jpg,0
59KKA3057_3_Oblique_06042015 (87)_1.jpg,0
59KKA3057_3_Oblique_06042015 (87)_2.jpg,0
59KKA3057_3_Oblique_06042015 (87)_3.jpg,0
59KKA3057_3_Oblique_06042015 (87)_4.jpg,0
59KKA3057_3_Oblique_06042015 (87)_5.jpg,0
59KKA3057_3_Oblique_06042015 (87)_6.jpg,0
59KKA3057_3_Oblique_06042015 (87)_7.jpg,0
59KKA3057_3_Oblique_06042015 (87)_8.jpg,0
59KKA3057_3_Oblique_06042015 (88)_0.jpg,0
59KKA3057_3_Oblique_06042015 (88)_1.jpg,0
59KKA3057_3_Oblique_06042015 (88)_2.jpg,0
59KKA3057_3_Oblique_06042015 (88)_3.jpg,0
59KKA3057_3_Oblique_06042015 (88)_4.jpg,0
59KKA3057_3_Oblique_06042015 (88)_5.jpg,0
59KKA3057_3_Oblique_06042015 (88)_6.jpg,0
59KKA3057_3_Oblique_06042015 (88)_7.jpg,0
59KKA3057_3_Oblique_06042015 (88)_8.jpg,0
59KKA3057_3_Oblique_06042015 (89)_0.jpg,0
59KKA3057_3_Oblique_06042015 (89)_1.jpg,0
59KKA3057_3_Oblique_06042015 (89)_2.jpg,0
59KKA3057_3_Oblique_06042015 (89)_4.jpg,0
59KKA3057_3_Oblique_06042015 (89)_5.jpg,0
59KKA3057_3_Oblique_06042015 (89)_6.jpg,0
59KKA3057_3_Oblique_06042015 (89)_8.jpg,0
59KKA3057_3_Oblique_06042015 (90)_0.jpg,0
59KKA3057_3_Oblique_06042015 (90)_1.jpg,0
59KKA3057_3_Oblique_06042015 (90)_2.jpg,0
59KKA3057_3_Oblique_06042015 (90)_3.jpg,0
59KKA3057_3_Oblique_06042015 (90)_4.jpg,0
59KKA3057_3_Oblique_06042015 (90)_5.jpg,0
59KKA3057_3_Oblique_06042015 (90)_7.jpg,0
59KKA3057_3_Oblique_06042015 (90)_8.jpg,0
59KKA3057_3_Oblique_06042015 (91)_0.jpg,0
59KKA3057_3_Oblique_06042015 (91)_1.jpg,0
59KKA3057_3_Oblique_06042015 (91)_2.jpg,0
59KKA3057_3_Oblique_06042015 (91)_3.jpg,0
59KKA3057_3_Oblique_06042015 (91)_4.jpg,0
59KKA3057_3_Oblique_06042015 (91)_5.jpg,0
59KKA3057_3_Oblique_06042015 (91)_8.jpg,0
59KKA3057_3_Oblique_06042015 (92)_0.jpg,0
59KKA3057_3_Oblique_06042015 (92)_1.jpg,0
59KKA3057_3_Oblique_06042015 (92)_2.jpg,0
59KKA3057_3_Oblique_06042015 (92)_3.jpg,0
59KKA3057_3_Oblique_06042015 (92)_4.jpg,0
59KKA3057_3_Oblique_06042015 (92)_5.jpg,0
59KKA3057_3_Oblique_06042015 (92)_8.jpg,0
59KKA3057_3_Oblique_06042015 (93)_0.jpg,0
59KKA3057_3_Oblique_06042015 (93)_1.jpg,0
59KKA3057_3_Oblique_06042015 (93)_2.jpg,0
59KKA3057_3_Oblique_06042015 (93)_3.jpg,0
59KKA3057_3_Oblique_06042015 (93)_4.jpg,0
59KKA3057_3_Oblique_06042015 (93)_5.jpg,0
59KKA3057_3_Oblique_06042015 (93)_7.jpg,0
59KKA3057_3_Oblique_06042015 (94)_0.jpg,0
59KKA3057_3_Oblique_06042015 (94)_1.jpg,0
59KKA3057_3_Oblique_06042015 (94)_2.jpg,0
59KKA3057_3_Oblique_06042015 (94)_4.jpg,0
59KKA3057_3_Oblique_06042015 (94)_5.jpg,0
59KKA3057_3_Oblique_06042015 (94)_8.jpg,0
59KKA3057_3_Oblique_06042015 (95)_0.jpg,0
59KKA3057_3_Oblique_06042015 (95)_1.jpg,0
59KKA3057_3_Oblique_06042015 (95)_2.jpg,0
59KKA3057_3_Oblique_06042015 (95)_4.jpg,0
59KKA3057_3_Oblique_06042015 (95)_5.jpg,0
59KKA3057_3_Oblique_06042015 (95)_7.jpg,0
59KKA3057_3_Oblique_06042015 (95)_8.jpg,0
59KKA3057_3_Oblique_06042015 (96)_0.jpg,0
59KKA3057_3_Oblique_06042015 (96)_1.jpg,0
59KKA3057_3_Oblique_06042015 (96)_2.jpg,0
59KKA3057_3_Oblique_06042015 (96)_5.jpg,0
59KKA3057_3_Oblique_06042015 (96)_8.jpg,0
59KKA3057_3_Oblique_06042015 (97)_0.jpg,0
59KKA3057_3_Oblique_06042015 (97)_1.jpg,0
59KKA3057_3_Oblique_06042015 (97)_2.jpg,0
59KKA3057_3_Oblique_06042015 (97)_3.jpg,0
59KKA3057_3_Oblique_06042015 (97)_5.jpg,0
59KKA3057_3_Oblique_06042015 (98)_0.jpg,0
59KKA3057_3_Oblique_06042015 (98)_1.jpg,0
59KKA3057_3_Oblique_06042015 (98)_2.jpg,0
59KKA3057_3_Oblique_06042015 (98)_3.jpg,0
59KKA3057_3_Oblique_06042015 (98)_4.jpg,0
59KKA3057_3_Oblique_06042015 (98)_6.jpg,0
59KKA3057_3_Oblique_06042015 (99)_0.jpg,0
59KKA3057_3_Oblique_06042015 (99)_1.jpg,0
59KKA3057_3_Oblique_06042015 (99)_2.jpg,0
59KKA3057_3_Oblique_06042015 (99)_3.jpg,0
59KKA3057_3_Oblique_06042015 (99)_4.jpg,0
59KKA3057_3_Oblique_06042015 (99)_5.jpg,0
59KKA3057_3_Oblique_06042015 (99)_6.jpg,0
59KKA3057_3_Oblique_06042015 (99)_8.jpg,0
DJI00805_0.jpg,1
DJI00805_1.jpg,1
DJI00805_2.jpg,1
DJI00805_3.jpg,1
DJI00806_0.jpg,1
DJI00806_1.jpg,1
DJI00806_2.jpg,1
DJI00806_3.jpg,1
DJI00807_0.jpg,1
DJI00807_1.jpg,1
DJI00807_2.jpg,1
DJI00807_3.jpg,1
DJI00808_0.jpg,1
DJI00808_1.jpg,1
DJI00808_2.jpg,1
DJI00808_3.jpg,1
DJI00809_0.jpg,1
DJI00809_1.jpg,1
DJI00809_2.jpg,1
DJI00809_3.jpg,1
DJI00810_0.jpg,1
DJI00810_2.jpg,1
DJI00810_3.jpg,1
DJI00811_0.jpg,1
DJI00811_2.jpg,1
DJI00812_0.jpg,1
DJI00812_2.jpg,1
DJI00813_0.jpg,1
DJI00813_2.jpg,1
DJI00813_3.jpg,1
DJI00814_0.jpg,1
DJI00814_1.jpg,1
DJI00814_2.jpg,1
DJI00814_3.jpg,1
DJI00815_0.jpg,1
DJI00815_1.jpg,1
DJI00815_2.jpg,1
DJI00815_3.jpg,1
DJI00816_0.jpg,1
DJI00816_1.jpg,1
DJI00816_3.jpg,1
DJI00817_0.jpg,1
DJI00817_1.jpg,1
DJI00817_2.jpg,1
DJI00817_3.jpg,1
DJI00818_1.jpg,1
DJI00818_2.jpg,1
DJI00818_3.jpg,1
DJI00819_2.jpg,1
DJI00819_3.jpg,1
DJI00820_0.jpg,1
DJI00820_1.jpg,1
DJI00820_3.jpg,1
DJI00821_0.jpg,1
DJI00821_1.jpg,1
DJI00821_2.jpg,1
DJI00822_0.jpg,1
DJI00822_1.jpg,1
DJI00822_2.jpg,1
DJI00823_0.jpg,1
DJI00823_1.jpg,1
DJI00823_2.jpg,1
DJI00824_0.jpg,1
DJI00824_1.jpg,1
DJI00824_2.jpg,1
DJI00825_0.jpg,1
DJI00825_1.jpg,1
DJI00825_2.jpg,1
DJI00826_0.jpg,1
DJI00826_1.jpg,1
DJI00826_2.jpg,1
DJI00827_0.jpg,1
DJI00827_1.jpg,1
DJI00827_2.jpg,1
DJI00827_3.jpg,1
DJI00828_0.jpg,1
DJI00828_1.jpg,1
DJI00828_2.jpg,1
DJI00828_3.jpg,1
DJI00829_0.jpg,1
DJI00829_1.jpg,1
DJI00829_2.jpg,1
DJI00830_0.jpg,1
DJI00830_1.jpg,1
DJI00830_2.jpg,1
DJI00831_0.jpg,1
DJI00832_0.jpg,1
DJI00833_0.jpg,1
DJI00834_1.jpg,1
DJI00835_1.jpg,1
DJI00835_3.jpg,1
DJI00836_1.jpg,1
DJI00836_3.jpg,1
DJI00837_1.jpg,1
DJI00837_3.jpg,1
DJI00838_0.jpg,1
DJI00838_1.jpg,1
DJI00839_0.jpg,1
DJI00839_1.jpg,1
DJI00839_3.jpg,1
DJI00840_0.jpg,1
DJI00840_1.jpg,1
DJI00840_2.jpg,1
DJI00840_3.jpg,1
DJI00841_0.jpg,1
DJI00841_1.jpg,1
DJI00841_2.jpg,1
DJI00841_3.jpg,1
DJI00842_0.jpg,1
DJI00842_1.jpg,1
DJI00842_2.jpg,1
DJI00842_3.jpg,1
DJI00843_0.jpg,1
DJI00843_1.jpg,1
DJI00843_2.jpg,1
DJI00843_3.jpg,1
DJI00844_0.jpg,1
DJI00844_1.jpg,1
DJI00844_2.jpg,1
DJI00844_3.jpg,1
DJI00845_0.jpg,1
DJI00845_1.jpg,1
DJI00845_2.jpg,1
DJI00845_3.jpg,1
DJI00846_1.jpg,1
DJI00846_3.jpg,1
DJI00847_1.jpg,1
DJI00847_3.jpg,1
DJI00848_0.jpg,1
DJI00848_1.jpg,1
DJI00848_2.jpg,1
DJI00848_3.jpg,1
DJI00849_0.jpg,1
DJI00849_1.jpg,1
DJI00849_2.jpg,1
DJI00849_3.jpg,1
DJI00850_0.jpg,1
DJI00850_1.jpg,1
DJI00850_2.jpg,1
DJI00850_3.jpg,1
DJI00851_0.jpg,1
DJI00851_1.jpg,1
DJI00851_2.jpg,1
DJI00851_3.jpg,1
DJI00852_0.jpg,1
DJI00852_1.jpg,1
DJI00852_2.jpg,1
DJI00852_3.jpg,1
DJI00853_0.jpg,1
DJI00853_1.jpg,1
DJI00853_2.jpg,1
DJI00853_3.jpg,1
DJI00854_0.jpg,1
DJI00854_1.jpg,1
DJI00854_2.jpg,1
DJI00855_0.jpg,1
DJI00855_1.jpg,1
DJI00855_2.jpg,1
DJI00855_3.jpg,1
DJI00856_0.jpg,1
DJI00856_1.jpg,1
DJI00856_2.jpg,1
DJI00856_3.jpg,1
DJI00857_0.jpg,1
DJI00857_3.jpg,1
DJI00858_0.jpg,1
DJI00858_2.jpg,1
DJI00858_3.jpg,1
DJI00859_0.jpg,1
DJI00859_1.jpg,1
DJI00859_2.jpg,1
DJI00859_3.jpg,1
DJI00860_0.jpg,1
DJI00860_1.jpg,1
DJI00860_2.jpg,1
DJI00860_3.jpg,1
DJI00861_0.jpg,1
DJI00861_1.jpg,1
DJI00861_2.jpg,1
DJI00862_0.jpg,1
DJI00862_1.jpg,1
DJI00862_2.jpg,1
DJI00863_0.jpg,1
DJI00863_1.jpg,1
DJI00863_3.jpg,1
DJI00864_0.jpg,1
DJI00864_1.jpg,1
DJI00864_2.jpg,1
DJI00864_3.jpg,1
DJI00865_0.jpg,1
DJI00865_1.jpg,1
DJI00865_2.jpg,1
DJI00865_3.jpg,1
DJI00866_0.jpg,1
DJI00866_2.jpg,1
DJI00867_0.jpg,1
DJI00867_2.jpg,1
DJI00868_0.jpg,1
DJI00868_1.jpg,1
DJI00868_2.jpg,1
DJI00868_3.jpg,1
DJI00869_0.jpg,1
DJI00869_1.jpg,1
DJI00869_2.jpg,1
DJI00869_3.jpg,1
DJI00870_0.jpg,1
DJI00870_1.jpg,1
DJI00870_2.jpg,1
DJI00870_3.jpg,1
DJI00871_0.jpg,1
DJI00871_1.jpg,1
DJI00871_3.jpg,1
DJI00872_0.jpg,1
DJI00872_1.jpg,1
DJI00872_3.jpg,1
DJI00873_0.jpg,1
DJI00873_1.jpg,1
DJI00874_0.jpg,1
DJI00874_1.jpg,1
DJI00874_2.jpg,1
DJI00874_3.jpg,1
DJI00875_0.jpg,1
DJI00875_1.jpg,1
DJI00875_3.jpg,1
DJI00876_0.jpg,1
DJI00876_1.jpg,1
DJI00876_3.jpg,1
DJI00877_0.jpg,1
DJI00877_1.jpg,1
DJI00877_2.jpg,1
DJI00877_3.jpg,1
DJI00878_0.jpg,1
DJI00878_1.jpg,1
DJI00878_2.jpg,1
DJI00878_3.jpg,1
DJI00879_0.jpg,1
DJI00879_1.jpg,1
DJI00879_2.jpg,1
DJI00879_3.jpg,1
DJI00880_0.jpg,1
DJI00880_1.jpg,1
DJI00880_2.jpg,1
DJI00880_3.jpg,1
DJI00881_0.jpg,1
DJI00881_1.jpg,1
DJI00881_2.jpg,1
DJI00881_3.jpg,1
DJI00882_0.jpg,1
DJI00882_1.jpg,1
DJI00882_2.jpg,1
DJI00882_3.jpg,1
DJI00883_0.jpg,1
DJI00883_1.jpg,1
DJI00883_2.jpg,1
DJI00883_3.jpg,1
DJI00884_0.jpg,1
DJI00884_1.jpg,1
DJI00884_2.jpg,1
DJI00884_3.jpg,1
DJI00885_0.jpg,1
DJI00885_1.jpg,1
DJI00885_2.jpg,1
DJI00885_3.jpg,1
DJI00886_0.jpg,1
DJI00886_1.jpg,1
DJI00886_2.jpg,1
DJI00886_3.jpg,1
DJI00887_0.jpg,1
DJI00887_2.jpg,1
DJI00887_3.jpg,1
DJI00888_0.jpg,1
DJI00888_1.jpg,1
DJI00888_2.jpg,1
DJI00888_3.jpg,1
DJI00889_0.jpg,1
DJI00889_1.jpg,1
DJI00889_2.jpg,1
DJI00889_3.jpg,1
DJI00890_0.jpg,1
DJI00890_1.jpg,1
DJI00890_2.jpg,1
DJI00891_0.jpg,1
DJI00891_1.jpg,1
DJI00891_2.jpg,1
DJI00892_0.jpg,1
DJI00892_2.jpg,1
DJI00892_3.jpg,1
DJI00893_0.jpg,1
DJI00893_2.jpg,1
DJI00893_3.jpg,1
DJI00894_0.jpg,1
DJI00894_2.jpg,1
DJI00894_3.jpg,1
DJI00895_0.jpg,1
DJI00895_1.jpg,1
DJI00895_2.jpg,1
DJI00895_3.jpg,1
DJI00896_1.jpg,1
DJI00896_2.jpg,1
DJI00896_3.jpg,1
DJI00810_1.jpg,0
DJI00811_1.jpg,0
DJI00811_3.jpg,0
DJI00812_1.jpg,0
DJI00812_3.jpg,0
DJI00813_1.jpg,0
DJI00816_2.jpg,0
DJI00818_0.jpg,0
DJI00819_0.jpg,0
DJI00819_1.jpg,0
DJI00820_2.jpg,0
DJI00821_3.jpg,0
DJI00822_3.jpg,0
DJI00823_3.jpg,0
DJI00824_3.jpg,0
DJI00825_3.jpg,0
DJI00826_3.jpg,0
DJI00829_3.jpg,0
DJI00830_3.jpg,0
DJI00831_1.jpg,0
DJI00831_2.jpg,0
DJI00831_3.jpg,0
DJI00832_1.jpg,0
DJI00832_2.jpg,0
DJI00832_3.jpg,0
DJI00833_1.jpg,0
DJI00833_2.jpg,0
DJI00833_3.jpg,0
DJI00834_0.jpg,0
DJI00834_2.jpg,0
DJI00834_3.jpg,0
DJI00835_0.jpg,0
DJI00835_2.jpg,0
DJI00836_0.jpg,0
DJI00836_2.jpg,0
DJI00837_0.jpg,0
DJI00837_2.jpg,0
DJI00838_2.jpg,0
DJI00838_3.jpg,0
DJI00839_2.jpg,0
DJI00846_0.jpg,0
DJI00846_2.jpg,0
DJI00847_0.jpg,0
DJI00847_2.jpg,0
DJI00854_3.jpg,0
DJI00857_1.jpg,0
DJI00857_2.jpg,0
DJI00858_1.jpg,0
DJI00861_3.jpg,0
DJI00862_3.jpg,0
DJI00863_2.jpg,0
DJI00866_1.jpg,0
DJI00866_3.jpg,0
DJI00867_1.jpg,0
DJI00867_3.jpg,0
DJI00871_2.jpg,0
DJI00872_2.jpg,0
DJI00873_2.jpg,0
DJI00873_3.jpg,0
DJI00875_2.jpg,0
DJI00876_2.jpg,0
DJI00887_1.jpg,0
DJI00890_3.jpg,0
DJI00891_3.jpg,0
DJI00892_1.jpg,0
DJI00893_1.jpg,0
DJI00894_1.jpg,0
DJI00896_0.jpg,0
DJI00372_0.jpg,1
DJI00374_2.jpg,1
DJI00374_3.jpg,1
DJI00375_0.jpg,1
DJI00375_1.jpg,1
DJI00375_2.jpg,1
DJI00377_2.jpg,1
DJI00372_1.jpg,0
DJI00372_2.jpg,0
DJI00372_3.jpg,0
DJI00374_0.jpg,0
DJI00374_1.jpg,0
DJI00375_3.jpg,0
DJI00377_0.jpg,0
DJI00377_1.jpg,0
DJI00377_3.jpg,0
DJI00202_1.jpg,1
DJI00202_3.jpg,1
DJI00203_0.jpg,1
DJI00203_1.jpg,1
DJI00203_2.jpg,1
DJI00204_0.jpg,1
DJI00204_1.jpg,1
DJI00204_2.jpg,1
DJI00206_0.jpg,1
DJI00206_2.jpg,1
DJI00207_0.jpg,1
DJI00207_2.jpg,1
DJI00217_0.jpg,1
DJI00217_1.jpg,1
DJI00217_3.jpg,1
DJI00219_0.jpg,1
DJI00219_1.jpg,1
DJI00219_3.jpg,1
DJI00220_0.jpg,1
DJI00220_1.jpg,1
DJI00220_3.jpg,1
DJI00222_2.jpg,1
DJI00224_0.jpg,1
DJI00224_2.jpg,1
DJI00224_3.jpg,1
DJI00227_0.jpg,1
DJI00227_2.jpg,1
DJI00202_0.jpg,0
DJI00202_2.jpg,0
DJI00203_3.jpg,0
DJI00204_3.jpg,0
DJI00206_1.jpg,0
DJI00206_3.jpg,0
DJI00207_1.jpg,0
DJI00207_3.jpg,0
DJI00217_2.jpg,0
DJI00219_2.jpg,0
DJI00220_2.jpg,0
DJI00222_0.jpg,0
DJI00222_1.jpg,0
DJI00222_3.jpg,0
DJI00224_1.jpg,0
DJI00227_1.jpg,0
DJI00227_3.jpg,0
DJI00228_0.jpg,0
DJI00228_1.jpg,0
DJI00228_2.jpg,0
DJI00228_3.jpg,0
DJI00105_3.jpg,1
DJI00108_0.jpg,1
DJI00109_0.jpg,1
DJI00109_1.jpg,1
DJI00109_2.jpg,1
DJI00109_3.jpg,1
DJI00110_0.jpg,1
DJI00110_1.jpg,1
DJI00110_2.jpg,1
DJI00110_3.jpg,1
DJI00111_0.jpg,1
DJI00111_1.jpg,1
DJI00111_3.jpg,1
DJI00112_1.jpg,1
DJI00114_0.jpg,1
DJI00114_1.jpg,1
DJI00114_3.jpg,1
DJI00115_0.jpg,1
DJI00115_1.jpg,1
DJI00115_2.jpg,1
DJI00115_3.jpg,1
DJI00116_1.jpg,1
DJI00116_3.jpg,1
DJI00117_1.jpg,1
DJI00117_3.jpg,1
DJI00120_0.jpg,1
DJI00120_1.jpg,1
DJI00105_0.jpg,0
DJI00105_1.jpg,0
DJI00105_2.jpg,0
DJI00106_0.jpg,0
DJI00106_1.jpg,0
DJI00106_2.jpg,0
DJI00106_3.jpg,0
DJI00107_0.jpg,0
DJI00107_1.jpg,0
DJI00107_2.jpg,0
DJI00107_3.jpg,0
DJI00108_1.jpg,0
DJI00108_2.jpg,0
DJI00108_3.jpg,0
DJI00111_2.jpg,0
DJI00112_0.jpg,0
DJI00112_2.jpg,0
DJI00112_3.jpg,0
DJI00113_0.jpg,0
DJI00113_1.jpg,0
DJI00113_2.jpg,0
DJI00113_3.jpg,0
DJI00114_2.jpg,0
DJI00116_0.jpg,0
DJI00116_2.jpg,0
DJI00117_0.jpg,0
DJI00117_2.jpg,0
DJI00120_2.jpg,0
DJI00120_3.jpg,0
DSC_0147_3.jpg,1
DSC_0149_3.jpg,1
DSC_0151_3.jpg,1
DSC_0152_1.jpg,1
DSC_0240_3.jpg,1
DSC_0286_3.jpg,1
DSC_0290_3.jpg,1
DSC_0295_1.jpg,1
DSC_0298_0.jpg,1
DSC_0299_0.jpg,1
DSC_0314_1.jpg,1
DSC_0314_3.jpg,1
DSC_0315_2.jpg,1
DSC_0315_3.jpg,1
DSC_0145_0.jpg,0
DSC_0145_1.jpg,0
DSC_0145_2.jpg,0
DSC_0145_3.jpg,0
DSC_0146_0.jpg,0
DSC_0146_1.jpg,0
DSC_0146_2.jpg,0
DSC_0146_3.jpg,0
DSC_0147_0.jpg,0
DSC_0147_1.jpg,0
DSC_0147_2.jpg,0
DSC_0148_0.jpg,0
DSC_0148_1.jpg,0
DSC_0148_2.jpg,0
DSC_0148_3.jpg,0
DSC_0149_0.jpg,0
DSC_0149_1.jpg,0
DSC_0149_2.jpg,0
DSC_0150_0.jpg,0
DSC_0150_1.jpg,0
DSC_0150_2.jpg,0
DSC_0150_3.jpg,0
DSC_0151_0.jpg,0
DSC_0151_1.jpg,0
DSC_0151_2.jpg,0
DSC_0152_0.jpg,0
DSC_0152_2.jpg,0
DSC_0152_3.jpg,0
DSC_0153_0.jpg,0
DSC_0153_1.jpg,0
DSC_0153_2.jpg,0
DSC_0153_3.jpg,0
DSC_0154_0.jpg,0
DSC_0154_1.jpg,0
DSC_0154_2.jpg,0
DSC_0154_3.jpg,0
DSC_0155_0.jpg,0
DSC_0155_1.jpg,0
DSC_0155_2.jpg,0
DSC_0155_3.jpg,0
DSC_0156_0.jpg,0
DSC_0156_1.jpg,0
DSC_0156_2.jpg,0
DSC_0156_3.jpg,0
DSC_0157_0.jpg,0
DSC_0157_1.jpg,0
DSC_0157_2.jpg,0
DSC_0157_3.jpg,0
DSC_0158_0.jpg,0
DSC_0158_1.jpg,0
DSC_0158_2.jpg,0
DSC_0158_3.jpg,0
DSC_0159_0.jpg,0
DSC_0159_1.jpg,0
DSC_0159_2.jpg,0
DSC_0159_3.jpg,0
DSC_0160_0.jpg,0
DSC_0160_1.jpg,0
DSC_0160_2.jpg,0
DSC_0160_3.jpg,0
DSC_0161_0.jpg,0
DSC_0161_1.jpg,0
DSC_0161_2.jpg,0
DSC_0161_3.jpg,0
DSC_0162_0.jpg,0
DSC_0162_1.jpg,0
DSC_0162_2.jpg,0
DSC_0162_3.jpg,0
DSC_0238_0.jpg,0
DSC_0238_1.jpg,0
DSC_0238_2.jpg,0
DSC_0238_3.jpg,0
DSC_0239_0.jpg,0
DSC_0239_1.jpg,0
DSC_0239_2.jpg,0
DSC_0239_3.jpg,0
DSC_0240_0.jpg,0
DSC_0240_1.jpg,0
DSC_0240_2.jpg,0
DSC_0241_0.jpg,0
DSC_0241_1.jpg,0
DSC_0241_2.jpg,0
DSC_0241_3.jpg,0
DSC_0280_0.jpg,0
DSC_0280_1.jpg,0
DSC_0280_2.jpg,0
DSC_0280_3.jpg,0
DSC_0281_0.jpg,0
DSC_0281_1.jpg,0
DSC_0281_2.jpg,0
DSC_0281_3.jpg,0
DSC_0282_0.jpg,0
DSC_0282_1.jpg,0
DSC_0282_2.jpg,0
DSC_0282_3.jpg,0
DSC_0283_0.jpg,0
DSC_0283_1.jpg,0
DSC_0283_2.jpg,0
DSC_0283_3.jpg,0
DSC_0284_0.jpg,0
DSC_0284_1.jpg,0
DSC_0284_2.jpg,0
DSC_0284_3.jpg,0
DSC_0285_0.jpg,0
DSC_0285_1.jpg,0
DSC_0285_2.jpg,0
DSC_0285_3.jpg,0
DSC_0286_0.jpg,0
DSC_0286_1.jpg,0
DSC_0286_2.jpg,0
DSC_0287_0.jpg,0
DSC_0287_1.jpg,0
DSC_0287_2.jpg,0
DSC_0287_3.jpg,0
DSC_0288_0.jpg,0
DSC_0288_1.jpg,0
DSC_0288_2.jpg,0
DSC_0288_3.jpg,0
DSC_0289_0.jpg,0
DSC_0289_1.jpg,0
DSC_0289_2.jpg,0
DSC_0289_3.jpg,0
DSC_0290_0.jpg,0
DSC_0290_1.jpg,0
DSC_0290_2.jpg,0
DSC_0291_0.jpg,0
DSC_0291_1.jpg,0
DSC_0291_2.jpg,0
DSC_0291_3.jpg,0
DSC_0292_0.jpg,0
DSC_0292_1.jpg,0
DSC_0292_2.jpg,0
DSC_0292_3.jpg,0
DSC_0293_0.jpg,0
DSC_0293_1.jpg,0
DSC_0293_2.jpg,0
DSC_0293_3.jpg,0
DSC_0294_0.jpg,0
DSC_0294_1.jpg,0
DSC_0294_2.jpg,0
DSC_0294_3.jpg,0
DSC_0295_0.jpg,0
DSC_0295_2.jpg,0
DSC_0295_3.jpg,0
DSC_0296_0.jpg,0
DSC_0296_1.jpg,0
DSC_0296_2.jpg,0
DSC_0296_3.jpg,0
DSC_0297_0.jpg,0
DSC_0297_1.jpg,0
DSC_0297_2.jpg,0
DSC_0297_3.jpg,0
DSC_0298_1.jpg,0
DSC_0298_2.jpg,0
DSC_0298_3.jpg,0
DSC_0299_1.jpg,0
DSC_0299_2.jpg,0
DSC_0299_3.jpg,0
DSC_0300_0.jpg,0
DSC_0300_1.jpg,0
DSC_0300_2.jpg,0
DSC_0300_3.jpg,0
DSC_0301_0.jpg,0
DSC_0301_1.jpg,0
DSC_0301_2.jpg,0
DSC_0301_3.jpg,0
DSC_0302_0.jpg,0
DSC_0302_1.jpg,0
DSC_0302_2.jpg,0
DSC_0302_3.jpg,0
DSC_0303_0.jpg,0
DSC_0303_1.jpg,0
DSC_0303_2.jpg,0
DSC_0303_3.jpg,0
DSC_0304_0.jpg,0
DSC_0304_1.jpg,0
DSC_0304_2.jpg,0
DSC_0304_3.jpg,0
DSC_0305_0.jpg,0
DSC_0305_1.jpg,0
DSC_0305_2.jpg,0
DSC_0305_3.jpg,0
DSC_0306_0.jpg,0
DSC_0306_1.jpg,0
DSC_0306_2.jpg,0
DSC_0306_3.jpg,0
DSC_0307_0.jpg,0
DSC_0307_1.jpg,0
DSC_0307_2.jpg,0
DSC_0307_3.jpg,0
DSC_0308_0.jpg,0
DSC_0308_1.jpg,0
DSC_0308_2.jpg,0
DSC_0308_3.jpg,0
DSC_0309_0.jpg,0
DSC_0309_1.jpg,0
DSC_0309_2.jpg,0
DSC_0309_3.jpg,0
DSC_0310_0.jpg,0
DSC_0310_1.jpg,0
DSC_0310_2.jpg,0
DSC_0310_3.jpg,0
DSC_0311_0.jpg,0
DSC_0311_1.jpg,0
DSC_0311_2.jpg,0
DSC_0311_3.jpg,0
DSC_0312_0.jpg,0
DSC_0312_1.jpg,0
DSC_0312_2.jpg,0
DSC_0312_3.jpg,0
DSC_0313_0.jpg,0
DSC_0313_1.jpg,0
DSC_0313_2.jpg,0
DSC_0313_3.jpg,0
DSC_0314_0.jpg,0
DSC_0314_2.jpg,0
DSC_0315_0.jpg,0
DSC_0315_1.jpg,0
DSC_0347_0.jpg,0
DSC_0347_1.jpg,0
DSC_0347_2.jpg,0
DSC_0347_3.jpg,0
DSC_0348_0.jpg,0
DSC_0348_1.jpg,0
DSC_0348_2.jpg,0
DSC_0348_3.jpg,0
DSC_0001_0.jpg,0
DSC_0001_1.jpg,0
DSC_0001_2.jpg,0
DSC_0001_3.jpg,0
DSC_0002_0.jpg,0
DSC_0002_1.jpg,0
DSC_0002_2.jpg,0
DSC_0002_3.jpg,0
DSC_0003_0.jpg,0
DSC_0003_1.jpg,0
DSC_0003_2.jpg,0
DSC_0003_3.jpg,0
DSC_0004_0.jpg,0
DSC_0004_1.jpg,0
DSC_0004_2.jpg,0
DSC_0004_3.jpg,0
DSC_0005_0.jpg,0
DSC_0005_1.jpg,0
DSC_0005_2.jpg,0
DSC_0005_3.jpg,0
DSC_0006_0.jpg,0
DSC_0006_1.jpg,0
DSC_0006_2.jpg,0
DSC_0006_3.jpg,0
DSC_0007_0.jpg,0
DSC_0007_1.jpg,0
DSC_0007_2.jpg,0
DSC_0007_3.jpg,0
DSC_0008_0.jpg,0
DSC_0008_1.jpg,0
DSC_0008_2.jpg,0
DSC_0008_3.jpg,0
DSC_0009_0.jpg,0
DSC_0009_1.jpg,0
DSC_0009_2.jpg,0
DSC_0009_3.jpg,0
DSC_0006_2.jpg,1
DSC_0091_3.jpg,1
DSC_0092_1.jpg,1
DSC_0093_1.jpg,1
DSC_0094_0.jpg,1
DSC_0095_0.jpg,1
DSC_0096_0.jpg,1
DSC_0097_0.jpg,1
DSC_0098_0.jpg,1
DSC_0099_0.jpg,1
DSC_0001_0.jpg,0
DSC_0001_1.jpg,0
DSC_0001_2.jpg,0
DSC_0001_3.jpg,0
DSC_0002_0.jpg,0
DSC_0002_1.jpg,0
DSC_0002_2.jpg,0
DSC_0002_3.jpg,0
DSC_0003_0.jpg,0
DSC_0003_1.jpg,0
DSC_0003_2.jpg,0
DSC_0003_3.jpg,0
DSC_0004_0.jpg,0
DSC_0004_1.jpg,0
DSC_0004_2.jpg,0
DSC_0004_3.jpg,0
DSC_0005_0.jpg,0
DSC_0005_1.jpg,0
DSC_0005_2.jpg,0
DSC_0005_3.jpg,0
DSC_0006_0.jpg,0
DSC_0006_1.jpg,0
DSC_0006_3.jpg,0
DSC_0007_0.jpg,0
DSC_0007_1.jpg,0
DSC_0007_2.jpg,0
DSC_0007_3.jpg,0
DSC_0008_0.jpg,0
DSC_0008_1.jpg,0
DSC_0008_2.jpg,0
DSC_0008_3.jpg,0
DSC_0009_0.jpg,0
DSC_0009_1.jpg,0
DSC_0009_2.jpg,0
DSC_0009_3.jpg,0
DSC_0010_0.jpg,0
DSC_0010_1.jpg,0
DSC_0010_2.jpg,0
DSC_0010_3.jpg,0
DSC_0011_0.jpg,0
DSC_0011_1.jpg,0
DSC_0011_2.jpg,0
DSC_0011_3.jpg,0
DSC_0012_0.jpg,0
DSC_0012_1.jpg,0
DSC_0012_2.jpg,0
DSC_0012_3.jpg,0
DSC_0013_0.jpg,0
DSC_0013_1.jpg,0
DSC_0013_2.jpg,0
DSC_0013_3.jpg,0
DSC_0014_0.jpg,0
DSC_0014_1.jpg,0
DSC_0014_2.jpg,0
DSC_0014_3.jpg,0
DSC_0015_0.jpg,0
DSC_0015_1.jpg,0
DSC_0015_2.jpg,0
DSC_0015_3.jpg,0
DSC_0016_0.jpg,0
DSC_0016_1.jpg,0
DSC_0016_2.jpg,0
DSC_0016_3.jpg,0
DSC_0017_0.jpg,0
DSC_0017_1.jpg,0
DSC_0017_2.jpg,0
DSC_0017_3.jpg,0
DSC_0018_0.jpg,0
DSC_0018_1.jpg,0
DSC_0018_2.jpg,0
DSC_0018_3.jpg,0
DSC_0019_0.jpg,0
DSC_0019_1.jpg,0
DSC_0019_2.jpg,0
DSC_0019_3.jpg,0
DSC_0020_0.jpg,0
DSC_0020_1.jpg,0
DSC_0020_2.jpg,0
DSC_0020_3.jpg,0
DSC_0091_0.jpg,0
DSC_0091_1.jpg,0
DSC_0091_2.jpg,0
DSC_0092_0.jpg,0
DSC_0092_2.jpg,0
DSC_0092_3.jpg,0
DSC_0093_0.jpg,0
DSC_0093_2.jpg,0
DSC_0093_3.jpg,0
DSC_0094_1.jpg,0
DSC_0094_2.jpg,0
DSC_0094_3.jpg,0
DSC_0095_1.jpg,0
DSC_0095_2.jpg,0
DSC_0095_3.jpg,0
DSC_0096_1.jpg,0
DSC_0096_2.jpg,0
DSC_0096_3.jpg,0
DSC_0097_1.jpg,0
DSC_0097_2.jpg,0
DSC_0097_3.jpg,0
DSC_0098_1.jpg,0
DSC_0098_2.jpg,0
DSC_0098_3.jpg,0
DSC_0099_1.jpg,0
DSC_0099_2.jpg,0
DSC_0099_3.jpg,0
DSC_0100_0.jpg,0
DSC_0100_1.jpg,0
DSC_0100_2.jpg,0
DSC_0100_3.jpg,0
DSC_0101_0.jpg,0
DSC_0101_1.jpg,0
DSC_0101_2.jpg,0
DSC_0101_3.jpg,0
